,MKT,SMB,HML,SMALL LoBM,ME1 BM2,SMALL HiBM,BIG LoBM,ME2 BM2,BIG HiBM
MKT,1.0,-0.132614,0.140261,0.849231,0.869141,0.836265,0.981155,0.959746,0.898621
SMB,-0.132614,1.0,-0.066385,0.34005,0.303725,0.289781,-0.17421,-0.185183,-0.156007
HML,0.140261,-0.066385,1.0,0.010624,0.266443,0.444022,0.00759,0.280113,0.497816
SMALL LoBM,0.849231,0.34005,0.010624,1.0,0.913393,0.86143,0.81287,0.789349,0.763495
ME1 BM2,0.869141,0.303725,0.266443,0.913393,1.0,0.942366,0.810593,0.843631,0.836654
SMALL HiBM,0.836265,0.289781,0.444022,0.86143,0.942366,1.0,0.763689,0.833391,0.857673
BIG LoBM,0.981155,-0.17421,0.00759,0.81287,0.810593,0.763689,1.0,0.907492,0.829175
ME2 BM2,0.959746,-0.185183,0.280113,0.789349,0.843631,0.833391,0.907492,1.0,0.913516
BIG HiBM,0.898621,-0.156007,0.497816,0.763495,0.836654,0.857673,0.829175,0.913516,1.0
