date,long_short_return,gross_exposure,n_stocks,cumulative_return
2020-02-24,0.00513878734858681,1.0,743,0.00513878734858686
2020-02-25,0.006075415357766143,0.9851657940663177,1146,0.01124542297393094
2020-02-26,-0.0030534888103651357,0.9792697290930507,1415,0.008157596390347077
2020-02-27,-0.0020970980682042187,0.9692489651094027,1691,0.006043391042511503
2020-02-28,-0.006003999722799723,0.9592342342342342,1924,3.1068015677870875e-6
2020-03-02,0.009121757119897139,0.9529733204757312,2074,0.009124892260954365
2020-03-03,0.00030256979715804317,0.94958889250461,2195,0.009430222974913027
2020-03-04,0.0015295393526299408,0.9458844278452122,2295,0.010974186224687266
2020-03-05,0.0013600886650471055,0.9349657324564001,2411,0.012349200756026635
2020-03-06,-0.0013250401885773855,0.9205675937302208,2558,0.011007797380150786
2020-03-09,-0.0014991097512852825,0.9130909488904271,2683,0.009492185732472791
2020-03-10,0.0034487954209574496,0.9047256202916582,2756,0.012973717760119241
2020-03-11,-0.0015375883377546076,0.8993277868766324,2815,0.011416181185239349
2020-03-12,-0.0005761105942989154,0.8915699273884883,2877,0.010833493608013223
2020-03-13,0.0003197211696059678,0.8886368571389092,2924,0.011156678474866455
2020-03-16,-0.006127217942408054,0.884817834107895,2958,0.004961101131929491
2020-03-17,-0.00006485691319606323,0.8822560791060792,3000,0.004895922457027968
2020-03-18,-0.004729957373878866,0.8769568723620107,3036,0.00014280757862161764
2020-03-19,0.0018602406341679358,0.8728549345904584,3074,0.002003313869250123
2020-03-20,0.0022237382112516115,0.8672620398977319,3105,0.004231506926101858
2020-03-23,-0.004097257863417413,0.8718132483547083,3071,0.00011691148765735626
2020-03-24,0.0013536463034032704,0.8789578283717104,3056,0.0014707160478635295
2020-03-25,0.0013770383264267382,0.8776568570487725,3022,0.002849779606655334
2020-03-26,-0.003207659847986833,0.8788443730410871,3017,-0.00036702136495136983
2020-03-27,0.0007134970161146583,0.8825820909496165,3025,0.00034621378251453727
2020-03-30,0.0013429606101484962,0.8801141915527472,3030,0.001689639344135685
2020-03-31,-0.0002735381761300032,0.8850689700892759,3028,0.0014156389871411434
2020-04-01,-0.003789895323437136,0.8838136129960462,2997,-0.002379621459873027
2020-04-02,-0.00138665148446777,0.8915895575236089,2976,-0.003762973238710998
2020-04-03,0.0011019210044572294,0.8905381316110323,2993,-0.002665198733504792
2020-04-07,0.0016905536585840426,0.8903483077857034,2995,-0.0009791507363905438
2020-04-08,-0.000994065008673294,0.8931370133987668,2998,-0.0019722424055785837
2020-04-09,-0.00014891316105540456,0.8839840510456205,2999,-0.00212086187378302
2020-04-10,-0.0003884897163638218,0.8833912608266484,3018,-0.002508527657119064
2020-04-13,0.0004506943981055858,0.8786104897317523,3010,-0.0020589638383761155
2020-04-14,-0.0023587253447412524,0.8717022433084659,3025,-0.004412832652927912
2020-04-15,-0.0017575209690760037,0.8621057907141428,3044,-0.006162597976083317
2020-04-16,-0.002003003215852775,0.8539415185278564,3100,-0.008153257488372034
2020-04-17,-0.0026595255364513116,0.8466521370407425,3147,-0.010791099228327772
2020-04-20,0.00009612026415113962,0.8451922742903999,3179,-0.010696016207484949
2020-04-21,0.0027642456884477344,0.8366609191781209,3223,-0.007961336935722207
2020-04-22,0.00013307238759618944,0.834450503413637,3255,-0.007829323982240455
2020-04-23,0.0010348696921725661,0.8293189957736248,3262,-0.006802556620167377
2020-04-24,-0.00146505315483744,0.8332683501774133,3266,-0.008257643667967551
2020-04-27,-0.001650170977419821,0.8322284312698189,3286,-0.009894188121464587
2020-04-28,-0.001240381827396445,0.8280601170400806,3294,-0.011122297377718415
2020-04-29,-0.002062342232437538,0.8229369570299379,3291,-0.013161701626552169
2020-04-30,-0.007647575237257679,0.8165914229553355,3292,-0.02070862176037047
2020-05-06,-0.002840738278765172,0.8028810207220664,3328,-0.023490532264600517
2020-05-07,0.000894080997068295,0.797430633067976,3342,-0.022617453706040958
2020-05-08,-0.0023144725361161013,0.7945395104812145,3345,-0.024879578766717536
2020-05-11,0.0008896477077364578,0.7891685820004058,3319,-0.024012065119200288
2020-05-12,0.0006528900141820886,0.7875845209528788,3331,-0.023374852342554542
2020-05-13,0.00010017862149847755,0.7832005821350058,3334,-0.023277015381541477
2020-05-14,0.0010972926558971523,0.7799493956336061,3325,-0.022205264423673654
2020-05-15,-0.0003963510223876891,0.7807956991290325,3330,-0.022592814366804603
2020-05-18,0.0013824587381614318,0.784392928833205,3332,-0.021241589262284255
2020-05-19,0.00009151898985935892,0.7873349339595965,3333,-0.021152014281217157
2020-05-20,-0.0016427845013196566,0.7921809256262913,3356,-0.022760050581303926
2020-05-21,0.0003011829024720303,0.7988286514933258,3356,-0.022465722616926476
2020-05-22,-0.00047059785346245794,0.7991500186478238,3350,-0.022925748149548952
2020-05-25,0.0003010926030538372,0.8056245392690177,3351,-0.022631558319682443
2020-05-26,0.00013249502808506753,0.8059440431004109,3368,-0.02250206186055259
2020-05-27,0.0009007839909500986,0.814586986548671,3376,-0.021621547366689864
2020-05-28,-0.0005035856836358251,0.8228245937944985,3356,-0.022114244748613787
2020-05-29,5.258226327368578e-6,0.8304027670211173,3346,-0.022109102803990255
2020-06-01,-0.0005150538495682082,0.8302743524957402,3329,-0.02261276927504874
2020-06-02,-0.0009224443585938869,0.8350902325520475,3339,-0.023514354612192645
2020-06-03,-0.0006641056643253988,0.8347343438184728,3352,-0.02416284426042714
2020-06-04,0.0006272549089848466,0.8308343297667141,3372,-0.02355074561411974
2020-06-05,-0.0009587973392248827,0.8323480886884013,3391,-0.024486962561113046
2020-06-08,-0.0018873284624070024,0.829567993816015,3411,-0.02632807608212062
2020-06-09,-0.0006075266049320671,0.8297376334302335,3419,-0.026919607680376045
2020-06-10,-0.0005385394151317639,0.828101453750369,3422,-0.027443649825731997
2020-06-11,-0.0005338202103799271,0.8288219752557021,3423,-0.02796282006118833
2020-06-12,-0.000109304708426877,0.8249741056589168,3417,-0.028069068301721622
2020-06-15,-0.001477653921445316,0.821166197183417,3411,-0.029505245854319573
2020-06-16,0.0007013935425693552,0.8272236372448286,3415,-0.0288245471006644
2020-06-17,-0.0006774638180751399,0.8224367820898851,3416,-0.029482483331006448
2020-06-18,-0.0006174570077310507,0.8214805642114233,3422,-0.030081736172799522
2020-06-19,0.000975576732272763,0.8187831977963557,3420,-0.02913550648240326
2020-06-22,-0.001341015324259478,0.8125943016649823,3438,-0.030437450645989794
2020-06-23,0.0013951665244136425,0.8109401903288367,3435,-0.0290847494338059
2020-06-24,-0.0009392600549211353,0.808691779003369,3434,-0.029996691345376525
2020-06-29,-0.0013705151849660619,0.8088987614418774,3421,-0.031326095609355065
2020-06-30,0.0022973495688241724,0.8102825089620864,3408,-0.029100713032772063
2020-07-01,0.0012338188205437914,0.8143610484539558,3412,-0.027902799219659324
2020-07-02,0.002001070182458867,0.8092070161807005,3420,-0.025957564496726038
2020-07-03,0.0012126805305837734,0.8103294488482919,3423,-0.02477636219922874
2020-07-06,0.005204737874793237,0.8096534577832065,3422,-0.019700578795173396
2020-07-07,0.00008268231245440343,0.8143751278046991,3429,-0.01961952537213041
2020-07-08,0.0011725684581700153,0.8250504031281098,3436,-0.018469962150575947
2020-07-09,0.0004698045983394151,0.820964233878719,3438,-0.018008834825386066
2020-07-10,-0.0022572924957789562,0.8218515900854354,3451,-0.020225476113456042
2020-07-13,0.0015764873105634548,0.8193424156633891,3452,-0.01868087400933549
2020-07-14,-0.001511583886095487,0.8153399932492282,3453,-0.020164220187300352
2020-07-15,-0.004147557468574401,0.8133744577641359,3449,-0.024228145393838996
2020-07-16,-0.004090304569947905,0.8088295265055625,3451,-0.028219349469961075
2020-07-17,-0.0011644093092862602,0.8065003916111643,3457,-0.029350899906022576
2020-07-20,0.0066994320608074155,0.8095063761766115,3434,-0.022848102205059173
2020-07-21,-0.0018876251199040764,0.8147552784743017,3411,-0.02469259867329876
2020-07-22,0.0007310954701422322,0.8157521155363369,3394,-0.023979555850192624
2020-07-23,0.00007539516752129548,0.8242370321771678,3391,-0.02390596862530181
2020-07-24,-0.004984827252751678,0.8316425486980566,3371,-0.02877162875414674
2020-07-27,0.0003631128172802815,0.8478297616714432,3354,-0.028418963284041143
2020-07-28,-0.0006632160529373166,0.8573842634193704,3331,-0.029063331424320604
2020-07-29,0.0033172490845618163,0.8714925406021735,3303,-0.02584249264932037
2020-07-30,0.001447897288255777,0.8852591354410705,3243,-0.024432012636093403
2020-07-31,0.001639516731001797,0.8920131764431011,3223,-0.022832552598580635
2020-08-03,0.006938218708085427,0.8945270159243959,3206,-0.016052751134087884
2020-08-04,-0.0009753701329595178,0.8921491984808595,3201,-0.017012463893039453
2020-08-05,0.002115671481098143,0.8875899398839473,3204,-0.014932785196623
2020-08-06,0.001352661391701096,0.8816194263869652,3177,-0.0136003228069278
2020-08-07,-0.0005518928764186578,0.879866854506197,3156,-0.014144709762072272
2020-08-10,0.0006536900941200745,0.8759253105529128,3111,-0.013500265924607846
2020-08-11,-0.0056550652017114435,0.8778516561636683,3113,-0.01907898624227522
2020-08-12,-0.00041274696510497155,0.8828450169486135,3119,-0.019483858413711364
2020-08-13,0.001382301692046206,0.8880070986416345,3119,-0.018128489292117966
2020-08-14,0.0004295673857709596,0.8893218090591686,3141,-0.017706709314100122
2020-08-17,0.004450345924026509,0.8920206618874509,3130,-0.013335164371697461
2020-08-18,0.0019659936513753908,0.8920724794968493,3150,-0.011395387568816862
2020-08-19,-0.0016222341199790447,0.8912379515476768,3149,-0.012999135702271403
2020-08-20,-0.004037596874845177,0.8899195839799535,3158,-0.016984247307429423
2020-08-21,-0.00035380798319420426,0.8899423022906043,3170,-0.01733204612833772
2020-08-24,-0.000789049317572544,0.8856377819799878,3189,-0.01810741960674056
2020-08-25,-0.0010378459156468766,0.8787763023905821,3223,-0.019126472810905737
2020-08-26,-0.001960165588120874,0.8764075530042692,3253,-0.02104914734520047
2020-08-27,0.0019383698361256536,0.8733254303218516,3271,-0.019151578541364844
2020-08-28,-0.0010998944201617016,0.8681997898281539,3307,-0.02023040824715161
2020-08-31,0.0007435277947130986,0.865128105103914,3307,-0.019501922323268528
2020-09-01,0.0032340450359486395,0.8611560485175407,3302,-0.016330947382400818
2020-09-02,0.0035307947261331843,0.8628701053188077,3314,-0.012857813879158186
2020-09-03,-0.0013705244706135665,0.8642624613874237,3313,-0.014210716401211743
2020-09-04,0.002752643775647747,0.8597729078708163,3299,-0.011497189665613305
2020-09-07,0.005569941684608306,0.8553340216353915,3285,-0.005991286656979455
2020-09-08,0.007420149536836201,0.8611278627451957,3277,0.0013844066369439467
2020-09-09,0.0019336580813797768,0.8604289916505048,3291,0.0033207416874052598
2020-09-10,-0.009708511707833208,0.8621858603715271,3307,-0.006420009479978783
2020-09-11,-0.0004385511469450693,0.863223915285146,3299,-0.006855745124403012
2020-09-14,0.006084022073684596,0.8603444883727216,3294,-0.0008134335553867666
2020-09-15,-0.0030694972761687467,0.8564335013668549,3301,-0.00388043399947291
2020-09-16,0.0010707382291984138,0.8592378015979488,3306,-0.0028138506993037327
2020-09-17,-0.0017832822023754378,0.8630211675309714,3330,-0.0045921150118070075
2020-09-18,-0.005066661896331308,0.8713629084616005,3364,-0.009635510213984455
2020-09-21,-0.0001821215383836609,0.8766993877118211,3378,-0.009815876918424893
2020-09-22,0.0009388411124911567,0.8775949717048035,3387,-0.008886251354739971
2020-09-23,-0.0003835477280213288,0.8732879613394864,3377,-0.009266390781243583
2020-09-24,0.0004892853835969299,0.8691848349653946,3395,-0.00878163930721465
2020-09-25,-0.00012427075419143804,0.8668775755796329,3414,-0.008904818760466338
2020-09-28,0.0004424711015510083,0.8618457555193141,3434,-0.008466287783881477
2020-09-29,-0.0016254078446577822,0.8549843874343139,3442,-0.010077934457960236
2020-09-30,-0.000029104673088177616,0.8520892777895869,3438,-0.010106745816060525
2020-10-09,-0.0014710717346878564,0.8478099527059344,3452,-0.011562949802648714
2020-10-12,-0.0012587398495034925,0.8413843307298684,3450,-0.012807134906457796
2020-10-13,0.002239708733172809,0.8346110614868097,3473,-0.010596110425181826
2020-10-14,0.001954405215084422,0.8326622638654869,3488,-0.008662414303572064
2020-10-15,0.00031236840440716736,0.8291599982526792,3497,-0.008352751763699318
2020-10-16,0.0014334107601115225,0.8296512335167721,3494,-0.0069313139278424085
2020-10-19,0.0010259338182905561,0.8249555410146684,3484,-0.00591249117891568
2020-10-20,0.0008160867615134829,0.8204669046683774,3488,-0.005101229523180928
2020-10-21,0.0010733806502585934,0.8182763729430598,3481,-0.004033324433985075
2020-10-22,0.0016537100069104322,0.8120796258515202,3486,-0.00238628437605215
2020-10-23,0.0003418577897582767,0.8116180026872912,3485,-0.0020452423561964084
2020-10-26,0.0037177638985444487,0.8084324474830048,3494,0.0016649178141523446
2020-10-27,-0.0007596726490692585,0.8075677057007529,3495,0.0009039803725567896
2020-10-28,0.0013285442109206539,0.8054997802202262,3514,0.0022337255613680274
2020-10-29,0.00011304055276078178,0.800127595208172,3537,0.0023470186157008577
2020-10-30,0.0009289298836222909,0.7960221747438402,3563,0.0032781287150527305
2020-11-02,0.006667711802041591,0.7835844780999275,3560,0.009967698134616176
2020-11-03,-0.00436435351021218,0.7800016968751288,3587,0.005559842066061416
2020-11-04,0.0014098349371445666,0.7866887586652687,3591,0.006977515462795791
2020-11-05,0.0005397902494529413,0.7940830806948976,3607,0.007521072107060878
2020-11-06,-0.0021786844436867026,0.8026479371823052,3608,0.005326001620574727
2020-11-09,-0.0016251129899620504,0.8035381492413821,3619,0.003692233276194612
2020-11-10,-0.0027139086924136456,0.7982175520202525,3629,0.0009683041997983199
2020-11-11,-0.0016807658732859436,0.7946985267607702,3612,-0.0007140891661415738
2020-11-12,0.0006671125191243558,0.7991310183888957,3618,-0.00004745302483966096
2020-11-13,-0.000461729998447356,0.7956398660264132,3615,-0.0005091611128019702
2020-11-16,-0.00005962334884821891,0.7965747610069515,3615,-0.0005687541037595611
2020-11-17,0.0000742775813271678,0.7997734933632369,3627,-0.0004945187681115737
2020-11-18,-0.0000641895579683007,0.8027157200854471,3627,-0.0005586765831386842
2020-11-19,-0.001999430134888691,0.8066171940545511,3627,-0.00255698968323137
2020-11-20,0.002756504101724498,0.8075000388790645,3633,0.00019246606594336413
2020-11-23,0.0016945399849553568,0.8156459640757161,3630,0.0018873321923431607
2020-11-24,0.0006832143371012591,0.824712470653403,3615,0.0025718359818569514
2020-11-25,-0.0014797586182686252,0.8357781728707143,3620,0.0010882716671294368
2020-11-26,-0.0009254088324589156,0.8371429396553981,3612,0.0001618557384575059
2020-11-27,-0.0005641780928463767,0.8449591624529246,3607,-0.0004024136698507208
2020-11-30,-0.000760920075820141,0.8459180250884291,3607,-0.0011630275410307034
2020-12-01,0.00014730214089758752,0.8432089465811925,3623,-0.0010158967165798671
2020-12-02,0.00023987338520768095,0.8426340970373495,3628,-0.0007762670179567444
2020-12-03,-0.0024980508123457505,0.8473706848706849,3630,-0.0032723786758477313
2020-12-04,0.0007928087845055774,0.8470298806030714,3648,-0.0024821642619027307
2020-12-07,-3.628321604270731e-6,0.8511645094932577,3635,-0.0024857835774168002
2020-12-08,-0.0005191072867046,0.8542177037010324,3629,-0.0030036004757532098
2020-12-09,-0.0003241211367335097,0.8545138769802323,3641,-0.003326748082086217
2020-12-10,-0.0005590228589440254,0.8493310981947346,3652,-0.0038839112128064013
2020-12-11,0.0002007006279163547,0.8482163333518384,3653,-0.003683990088309219
2020-12-14,-0.002368395291389269,0.8482649297048421,3653,-0.006043660234919868
2020-12-15,-0.0006336791455844274,0.8451697665555548,3673,-0.006673509639050446
2020-12-16,0.001960532424035807,0.8404705439488048,3680,-0.004726060847044189
2020-12-17,0.0014227211395352836,0.8353071264484307,3680,-0.003310063574182731
2020-12-18,0.002882367356592214,0.835144830417854,3681,-0.0004372370367848877
2020-12-21,0.0017421017351118492,0.8386864134141564,3673,0.0013041029869265142
2020-12-22,-0.0014242623029195164,0.8391738587675437,3670,-0.00012201670071632087
2020-12-23,0.003115718747168747,0.8375050291716959,3663,0.0029933218767304037
2020-12-24,0.0027014238799403577,0.8405787276246168,3661,0.005702831987868917
2020-12-25,0.0009057282202709063,0.8351241436912916,3671,0.006613725424006622
2020-12-28,0.004711424775179084,0.8387282128774994,3644,0.011356310269004632
2020-12-29,-0.004369061155085052,0.836875446705444,3647,0.006937632699858254
2020-12-30,0.0024897802446982083,0.8371014730222732,3649,0.009444686125397395
2020-12-31,-0.002403677181116438,0.8371669726698502,3649,0.007018306967758514
2021-01-04,0.0013349111988665997,0.8339172254065871,3666,0.008362586983193365
2021-01-05,0.0008704425725683308,0.8294011753287771,3666,0.009240308707488598
2021-01-06,0.002401082572231752,0.8289117459929157,3659,0.01166357802392004
2021-01-07,0.0060194853150427035,0.8268958600735508,3669,0.017753272075598403
2021-01-08,-0.002822470012266457,0.824032280739068,3695,0.014880693985279025
2021-01-11,0.0006644924796238808,0.8223527679998043,3708,0.015555074574147731
2021-01-12,0.0024453535418587106,0.8227134459939489,3710,0.018038465772710177
2021-01-13,0.001685698344097568,0.8233192119045266,3705,0.019754571528690867
2021-01-14,-0.005022717712507803,0.8229964963429756,3714,0.014632632179862881
2021-01-15,-0.0052314800964187325,0.825508858483576,3718,0.009324601759437057
2021-01-18,-0.00005245201001185184,0.8198048721019261,3726,0.00927166065532048
2021-01-19,-0.004645391435747058,0.8215230166234183,3735,0.004583198726570092
2021-01-20,-0.00012041459928363472,0.8174521967375272,3722,0.004462232243248376
2021-01-21,0.0013743167540491636,0.8170191172801615,3735,0.005842681517829851
2021-01-22,-0.00021693199110010613,0.8167539219544567,3740,0.00562448206219468
2021-01-25,0.0012290548723178532,0.8250934932825958,3744,0.006860449731595386
2021-01-26,-0.0038628019905026715,0.8300054097730379,3744,0.002971147182213807
2021-01-27,0.0005214027133457984,0.8347152519894412,3731,0.003494099059762057
2021-01-28,-0.003763837610245218,0.8393709350446559,3733,-0.00028288977193824394
2021-01-29,-0.0008479833029830472,0.8411721299571138,3716,-0.001130633189118102
2021-02-01,0.000044610831255133074,0.8400925490690007,3712,-0.0010860727963494243
2021-02-02,0.001503312981968888,0.835217073020471,3708,0.00041560747828528477
2021-02-03,-0.0006395792076708921,0.8379142769198982,3694,-0.00022423754328726453
2021-02-04,-0.0007344033530953394,0.8368047768177973,3682,-0.000958476215578985
2021-02-05,-0.0024260262746228756,0.8380324749014835,3694,-0.003382177201719294
2021-02-08,0.0023363625015165018,0.838067932067932,3700,-0.001053716692190454
2021-02-09,0.0015007879878689207,0.8343101923267549,3683,0.0004454898903243354
2021-02-10,-0.00005167141088533005,0.8346995925486165,3664,0.00039379546034790103
2021-02-18,-0.001466644452193953,0.8365365087868508,3655,-0.001073426549773271
2021-02-19,-0.0010778180141006828,0.8375981282973908,3661,-0.002150087605401807
2021-02-22,-0.0021275587417844757,0.8330257077946668,3679,-0.004273071909505877
2021-02-23,0.0005777079435407565,0.8268454423966235,3683,-0.0036978325535506062
2021-02-24,-0.002343614285315671,0.8252848737165134,3670,-0.006032780545669136
2021-02-25,0.0002494694248177053,0.8290684821852153,3669,-0.005784816115144253
2021-02-26,-0.00303817864357637,0.822686704793477,3662,-0.008805419453942531
2021-03-01,0.0008669026001381416,0.8196245623850218,3657,-0.007946150294824261
2021-03-02,-0.0018737795746037852,0.818340510111542,3673,-0.00980504053530884
2021-03-03,0.0007081514045151658,0.8220177384033789,3677,-0.009103832584020144
2021-03-04,0.0005580800689824344,0.8241092603245948,3678,-0.00855083318255423
2021-03-05,-0.003302130792605064,0.8225453240371497,3670,-0.011824728005604745
2021-03-08,0.0019704974720703866,0.8191481901274024,3656,-0.009877531130177308
2021-03-09,0.0008475932208719321,0.8211818987308384,3678,-0.009038310037730146
2021-03-10,-0.001172344233748189,0.8250474224259912,3684,-0.01020005826082282
2021-03-11,0.001938219141394562,0.8278368864664658,3685,-0.008281609067592677
2021-03-12,0.0029402715840264704,0.8338456665145556,3693,-0.0053656876633776385
2021-03-15,0.0037934853719345674,0.8365975545396854,3698,-0.001592556949104429
2021-03-16,0.00140465926473035,0.8399713857057269,3704,-0.0001901346842472229
2021-03-17,-0.004232808240172671,0.8412820865848172,3688,-0.004422138120761643
2021-03-18,-0.0008151947328424542,0.8544263811862851,3675,-0.005233727949900069
2021-03-19,-0.0009316990300627068,0.8552520103816147,3665,-0.006160550720708313
2021-03-22,0.0022932228140887306,0.8510792436343158,3677,-0.003881455422079516
2021-03-23,-0.004083406100985475,0.8492715056994958,3687,-0.007949011964313746
2021-03-24,0.0008726006281985618,0.8457621210052328,3702,-0.007083347648948912
2021-03-25,-0.0025506996614451456,0.844680859326913,3687,-0.009615979817944043
2021-03-26,-0.0006010490245042883,0.847866705539236,3695,-0.010211249167159098
2021-03-29,0.001377159407437811,0.851337766471478,3702,-0.008848152277573518
2021-03-30,-0.003012032276266823,0.8516241878701425,3708,-0.011833533633594961
2021-03-31,0.00292521335235816,0.8511577952365651,3707,-0.008942935891827486
2021-04-01,-0.0022633081003646063,0.850753589709413,3735,-0.011186003372947062
2021-04-02,-0.004450827695754134,0.8545785610082735,3756,-0.015587044095084046
2021-04-06,-0.0004720951744401626,0.8514240790294888,3771,-0.01605178070122315
2021-04-07,0.0029029766736993583,0.8481892023250862,3790,-0.01319540197247071
2021-04-08,-0.0032696065450240172,0.8414864897469341,3789,-0.016421864744841308
2021-04-09,0.0011441128517421298,0.8358235232961463,3787,-0.015296540359603261
2021-04-12,0.005401653855025491,0.8340239150061994,3782,-0.009977513120779768
2021-04-13,-0.0030149124040692076,0.8318870475516045,3792,-0.01296234419677944
2021-04-14,-0.0009774741279674464,0.8317106325408908,3794,-0.013927147968656683
2021-04-15,-0.0014750293830694907,0.8314894978321148,3806,-0.01538163439925011
2021-04-16,0.0004942603614984998,0.8291487802878219,3819,-0.014894976569930107
2021-04-19,-0.004947787068735056,0.822485031735097,3827,-0.019769066466203356
2021-04-20,-0.0016506104959358994,0.8150291997897412,3842,-0.021387045933535243
2021-04-21,-0.0013246750349131388,0.8141972933271635,3850,-0.022683390082629762
2021-04-22,0.00004115225811534066,0.8125555314828941,3841,-0.02264317129723792
2021-04-23,-0.0028815587222625924,0.8113600961919961,3837,-0.025459482391749222
2021-04-26,-0.001365891233057599,0.8104259932752869,3822,-0.026790598741009752
2021-04-27,0.0006502137835900158,0.8077278754853722,3835,-0.02615780457399175
2021-04-28,-0.000569439715147409,0.8039255236900918,3844,-0.026712348996353663
2021-04-29,-0.0016342809296649285,0.8017385877310809,3824,-0.0283029744434673
2021-04-30,0.0011473697880720229,0.7987211443020937,3835,-0.027188078633184398
2021-05-06,0.001221877918873139,0.7961706685214807,3868,-0.025999421227249853
2021-05-07,-0.0011556314117735645,0.8003276473139663,3874,-0.02712500689116526
2021-05-10,0.004285672591725081,0.798235816042318,3883,-0.022955583198024043
2021-05-11,0.00015948201883409947,0.799466611330142,3869,-0.022799762181941796
2021-05-12,0.002238474468226714,0.8061536782026039,3863,-0.02061232439924099
2021-05-13,0.0020272839702425763,0.8081099355242657,3852,-0.018626827463842366
2021-05-14,-0.0017331855143818298,0.8139762762751865,3854,-0.020327729230684932
2021-05-17,-0.0019772028956078877,0.8133412161883301,3846,-0.02226474008119672
2021-05-18,0.0018890334896683634,0.8194623855128932,3841,-0.020417765431180457
2021-05-19,0.000481738788084274,0.8202921904394026,3838,-0.0199458626726704
2021-05-20,0.000057874969388340875,0.8217296823306188,3844,-0.019889142069473786
2021-05-21,-0.00028231577374865575,0.8205855268859695,3841,-0.020165842824689917
2021-05-24,0.00009238927662505214,0.8264350592682627,3849,-0.02007531665569584
2021-05-25,0.0005286300243005301,0.8280857296616052,3855,-0.01955729904652681
2021-05-26,-0.0007243608455053387,0.8329466266402041,3877,-0.020267493350358934
2021-05-27,-0.0003058411176129562,0.8347701561433136,3867,-0.02056713583515446
2021-05-28,0.0011501500052884422,0.8337102949129733,3883,-0.019440641121255653
2021-05-31,0.0025020924969021323,0.8382153728894546,3866,-0.016987190906637917
2021-06-01,0.00022622264176280443,0.8474407388233879,3873,-0.016764811152078063
2021-06-02,-0.003321846725351693,0.8442730375848099,3865,-0.02003096774440316
2021-06-03,-0.0012301452727910126,0.8451629072078336,3873,-0.02123647201691392
2021-06-04,0.0016398524917683956,0.8411987215664253,3889,-0.019631444206698823
2021-06-07,0.001581740629314586,0.8384181077380459,3882,-0.01808075543029808
2021-06-08,-0.0009857089519309287,0.8367982849765795,3870,-0.019048642019743767
2021-06-09,-0.001417208550595921,0.8377117629060634,3860,-0.020438854671992024
2021-06-10,0.0015312255283361485,0.8312335984429008,3870,-0.018938925639699566
2021-06-11,-0.0033152540123192096,0.8375847291547214,3879,-0.02219139230280276
2021-06-15,0.0023995844858378675,0.8373753114689089,3889,-0.019845057937653898
2021-06-16,-0.0006461765099969207,0.833370617401426,3895,-0.020478411037371913
2021-06-17,0.0032184681097009752,0.834610814863132,3884,-0.017325852040532053
2021-06-18,0.001530083761833374,0.8373842331561494,3867,-0.01582227828356597
2021-06-21,0.002484973659227356,0.8385138625605552,3855,-0.013376622569102214
2021-06-22,-0.0011236496068439746,0.8456998860910204,3835,-0.014485241539255456
2021-06-23,0.0012104820142539692,0.8491951824675296,3826,-0.013292293649356801
2021-06-24,-0.0032074243100567324,0.8517704109401429,3806,-0.016457083933626104
2021-06-25,-0.002342175922191456,0.8496602219903191,3811,-0.018760714470078765
2021-06-28,0.0020688379981900814,0.8491689666611051,3816,-0.01673068935085753
2021-06-29,-0.0013232995752135764,0.8501791557507341,3814,-0.018031849211960105
2021-06-30,0.005002297389360982,0.8537726479474053,3811,-0.013119752494837322
2021-07-01,-0.006328442374138085,0.847658727599439,3795,-0.01936516727134885
2021-07-02,0.0020434568247379415,0.8470954407373319,3802,-0.017361282329833805
2021-07-05,0.004684727674924873,0.8485371492110723,3810,-0.012757887534711632
2021-07-06,-0.0010953603663394844,0.8526036421157199,3794,-0.013839273416687448
2021-07-07,0.0022498303070426803,0.8531444702873938,3798,-0.011620579126405128
2021-07-08,0.00428400813970456,0.8529748464815097,3827,-0.007386353642266141
2021-07-09,-0.00024400967841143055,0.8565427511818725,3824,-0.007628560978900634
2021-07-12,0.00436021406333963,0.8519547570602533,3839,-0.0033016090744242277
2021-07-13,-0.000498143434294383,0.8546287580080146,3847,-0.0037981078338354957
2021-07-14,-0.003294876460623823,0.854684312325895,3867,-0.0070804699983627595
2021-07-15,0.00043273479351663277,0.8541280661064278,3882,-0.006650799170568766
2021-07-16,0.00092395029711244,0.8477305241590956,3885,-0.005732993881326087
2021-07-19,0.0008280142965609177,0.8440125675488069,3877,-0.004909726585661023
2021-07-20,0.0017162179020734798,0.8395183282149314,3886,-0.003201934844248022
2021-07-21,0.003952957679078775,0.8375050513331964,3887,0.0007383657219004469
2021-07-22,0.003990103759528529,0.831421814417714,3902,0.004731415637271752
2021-07-23,0.0015034764553859409,0.8306127777325933,3906,0.006242005664668815
2021-07-26,0.0034071160603214522,0.8318757901365483,3904,0.009670388962738974
2021-07-27,-0.004036328246414451,0.8277117104094325,3907,0.0055950278522003405
2021-07-28,-0.0036551537432005336,0.8325759399736382,3910,0.0019194234220025752
2021-07-29,0.010127878268324715,0.8353485289233111,3909,0.01206674137709074
2021-07-30,0.0028825681933486134,0.8416279806988791,3907,0.014984092775330415
2021-08-02,0.0014708939468763068,0.841400197846415,3886,0.016477026733569433
2021-08-03,-0.006503417393225331,0.8415499806608054,3880,0.009866452358096245
2021-08-04,0.005975322602821511,0.8458442862229769,3895,0.015900730196702684
2021-08-05,-0.0005933081283891388,0.8478946705418806,3889,0.015297988035840593
2021-08-06,0.003788291648461593,0.8495452296647055,3892,0.019144232924616533
2021-08-09,-0.0029420937873369203,0.8486596194157923,3888,0.01614581500852874
2021-08-10,-0.0004205362211914258,0.8448501981110677,3910,0.01571848888730565
2021-08-11,0.0027104910451963005,0.8447712095161074,3920,0.01847158475587496
2021-08-12,0.0003033311128250252,0.8500844177614427,3926,0.018780518875059604
2021-08-13,0.0013992827258586492,0.8542631075552624,3926,0.020206080856562725
2021-08-16,-0.003773549216909378,0.8561218240245556,3917,0.016356282999060223
2021-08-17,-0.003203589631647607,0.852569934184198,3912,0.013100294548784586
2021-08-18,0.000822400876615934,0.8473565203067118,3915,0.013933469119121522
2021-08-19,-0.0012217371299856723,0.841073991368109,3910,0.012694708952563527
2021-08-20,0.0027815208277153585,0.8384880977789416,3899,0.015511540377632249
2021-08-23,0.0023090130166680285,0.8396852737195334,3901,0.017856369742940803
2021-08-24,-0.0004529470831048768,0.8362311593630946,3907,0.017395334669246143
2021-08-25,0.0007008372808022366,0.8315382074057083,3921,0.018108363249096593
2021-08-26,0.0015665070754553776,0.826706268755179,3946,0.01970323720370648
2021-08-27,0.0008818020330077863,0.825704976045627,3963,0.020602413591337188
2021-08-30,0.0016054621140278698,0.826757217034295,3970,0.022240952099843447
2021-08-31,0.0018455693294548753,0.821027550450386,3985,0.024127568648351527
2021-09-01,-0.0032485084678995154,0.8176952432438717,4010,0.02080068156938797
2021-09-02,0.006186301965053266,0.8209738528227395,3997,0.02711566283170841
2021-09-03,-0.0027100955303148537,0.8265206055431619,3990,0.024332081264751837
2021-09-06,-0.0011436549154058995,0.8299021330815427,3963,0.02316059884500543
2021-09-07,0.0021876088455257603,0.8306595957579813,3964,0.02539887402143215
2021-09-08,0.0014957329080168289,0.8360370573152719,3943,0.02693259686114935
2021-09-09,0.0058812353192157305,0.8387935530031445,3941,0.032972229120262986
2021-09-10,-0.0043994587468016875,0.8468870229236548,3931,0.028427710411656593
2021-09-13,0.00588137969828646,0.8528722786951927,3919,0.03447628426882687
2021-09-14,-0.006697011492629005,0.8543561096662959,3917,0.02754838470422638
2021-09-15,0.004924436438119233,0.8548644623702361,3897,0.0326084814117944
2021-09-16,0.0008064238338116438,0.8594120619420901,3913,0.03344120150220098
2021-09-17,0.000169434619270045,0.8656012273757097,3911,0.03361630221871548
2021-09-22,0.007104788685004238,0.8700369228625073,3893,0.0409599276273549
2021-09-23,-0.0008247315857594265,0.8725310247598318,3881,0.04010141509553078
2021-09-24,-0.007080068342900213,0.8840419337320164,3872,0.03273742599310725
2021-09-27,-0.008796788591553386,0.8888632532175064,3856,0.0236526531860608
2021-09-28,0.0060084324643248374,0.8905838505060295,3855,0.029803201019656056
2021-09-29,-0.003256006927528154,0.8944055447491651,3856,0.026450154663145486
2021-09-30,0.0008921122838398456,0.8997864903967329,3849,0.02736586345486991
2021-10-08,0.002071773792810116,0.8995787943767083,3835,0.029494333126403482
2021-10-11,-0.0033279417114604713,0.900931222526251,3862,0.02606823599348007
2021-10-12,-0.0003500858620100395,0.8972839185857321,3860,0.025709024010601267
2021-10-13,-0.009171228861201822,0.8951296243254284,3861,0.01630201180640012
2021-10-14,-0.001887489249223611,0.8886934962995154,3870,0.01438375268515113
2021-10-15,-0.0035759414645144673,0.8763963723000866,3869,0.010756375762994486
2021-10-18,0.0034589008498086436,0.8692118913973468,3902,0.014252481850070664
2021-10-19,-0.00029565811725031305,0.866698950743219,3904,0.013952609870870436
2021-10-20,-0.001095013016973923,0.8668188243457061,3906,0.01284231856446727
2021-10-21,0.0026660998920579977,0.8626167654613065,3911,0.015542657360663847
2021-10-22,-0.0022786800783564385,0.8552857671631617,3915,0.013228560538614875
2021-10-25,-0.0008017004295032536,0.8556638013544265,3921,0.012416254766446144
2021-10-26,-0.00282861760014182,0.8501525623761487,3929,0.009552516329544014
2021-10-27,0.0037602130911665484,0.8419375664461294,3950,0.013348648917666406
2021-10-28,0.003931619164149381,0.8321119823279299,3977,0.017332749885716092
2021-10-29,-0.00265564116532312,0.8218789376872084,3990,0.014631079156288251
2021-11-01,-0.0030383094701622398,0.8199277158857997,4008,0.011548315939766685
2021-11-02,0.0002851026863469946,0.8199863743842346,4019,0.011836711082011009
2021-11-03,-0.00039571035749521986,0.8163348319311622,4033,0.011436316815341963
2021-11-04,-0.000042662330863787213,0.813643884485481,4034,0.011393166584546366
2021-11-05,-0.0014583986754728043,0.8082151063360621,4018,0.009918152130017122
2021-11-08,-0.003125238533280181,0.8018069868927438,4023,0.006761917005521312
2021-11-09,-0.0011341304781826737,0.7976464553918919,4054,0.0056201176311716505
2021-11-10,0.00030351283324928416,0.7972113264261923,4063,0.005925336242246448
2021-11-11,-0.001198061795309773,0.7978746441940031,4055,0.004720175527960446
2021-11-12,0.0015395494468803635,0.7959464677208594,4069,0.006266991918464138
2021-11-15,-0.0020318103267371844,0.800517487488452,4064,0.004222448252829469
2021-11-16,0.0004058791224396359,0.803470505316471,4090,0.004630041178860678
2021-11-17,-0.0016363271095921452,0.8009470554185505,4087,0.002986137807369005
2021-11-18,-0.0038103192842341106,0.7999305600370198,4075,-0.0008355596153379885
2021-11-19,-0.0008878589643878817,0.8047867314419547,4078,-0.0017226767206312
2021-11-22,0.0026642376876845042,0.8125558263973873,4095,0.0009369713468103669
2021-11-23,0.00014134605669595892,0.8187761015431512,4091,0.0010784498407114818
2021-11-24,-0.000048797581293692686,0.8229584013195397,4076,0.0010295996336739943
2021-11-25,-0.0022771597976474233,0.8294555726067611,4081,-0.0012499047268669239
2021-11-26,-0.0003892243841437157,0.8333759381873975,4084,-0.0016386426176130398
2021-11-29,0.0033093559950708997,0.8386322479934815,4086,0.001665290525687535
2021-11-30,-0.00039978845145260267,0.8403133654234437,4088,0.0012648363103144877
2021-12-01,-0.0010144191467989488,0.8429177792447587,4092,0.00024913408934490455
2021-12-02,-0.004676601771470468,0.8476005755966703,4097,-0.004428632783049058
2021-12-03,-0.0022286548942033577,0.8510815295815296,4100,-0.006647417783125831
2021-12-06,-0.005067566231785633,0.848562156765662,4108,-0.011681297785025135
2021-12-07,-0.005021598805403676,0.8474291818753767,4126,-0.01664423779942592
2021-12-08,0.002472690304871539,0.8417340554407652,4124,-0.014212703539993043
2021-12-09,-0.00018758311771802097,0.8391150755876612,4123,-0.014397620594469807
2021-12-10,0.0010312722040947114,0.8362794077762616,4132,-0.01338119625629941
2021-12-13,0.0013422440946262383,0.830212628192304,4133,-0.012056912993327229
2021-12-14,0.004022289321798726,0.8286364030009636,4131,-0.008083120063915428
2021-12-15,0.00010560452585070287,0.8296874447062637,4126,-0.007978369152126463
2021-12-16,0.0011622506542088814,0.8274341664282671,4128,-0.00682539136268423
2021-12-17,-0.00004448129116231729,0.8263342095142676,4132,-0.006869569051626057
2021-12-20,0.003375573219217847,0.824487356299907,4131,-0.003517184565726472
2021-12-21,0.003117114367509546,0.8309733631240181,4122,-0.0004110336647600299
2021-12-22,-0.0011036068910095622,0.8375383500779939,4099,-0.0015141869361846583
2021-12-23,-0.0038883342082189974,0.8437271511609098,4076,-0.005396633479542001
2021-12-24,-0.0014306091119461765,0.8452489806270383,4047,-0.0068195221184584875
2021-12-27,0.002758239936896862,0.8498813235023969,4043,-0.004080092059819296
2021-12-28,-0.001417046312622828,0.8539185378796254,4009,-0.005491356693033578
2021-12-29,0.0009976223406903452,0.8586994345433955,3999,-0.004499212652460782
2021-12-30,0.0029647116304136194,0.861822585165092,3997,-0.0015478398901255241
2021-12-31,-0.00017275087015989498,0.864521803745109,3989,-0.0017203233695974873
2022-01-04,0.008202425899345814,0.862202707597824,3975,0.006467991704786291
2022-01-05,0.002403610991924672,0.8661406559008267,3982,0.008887149232668312
2022-01-06,0.001917530923453693,0.8708919007508662,3979,0.010821721539596929
2022-01-07,-0.0006375756363903326,0.8780363012514911,3950,0.01017724623720917
2022-01-10,0.0028936961597209833,0.8810092517080408,3964,0.013100392255283255
2022-01-11,0.0018441823786765016,0.8806327674059866,3973,0.014968734146510787
2022-01-12,-0.0008512939240980623,0.8865797606875815,3951,0.014104697429982327
2022-01-13,0.003741088797412779,0.8873199263282744,3953,0.0178985531529412
2022-01-14,-0.0016430284855527845,0.8853240988755008,3959,0.016226116834707982
2022-01-17,0.0015013758867490862,0.8865451090621674,3957,0.017751854222008312
2022-01-18,-0.006310431325892569,0.8913781366401071,3989,0.011329401039140485
2022-01-19,0.006879056731085017,0.8949001624983498,3972,0.01828639336270288
2022-01-20,-0.0001549843219595484,0.8897541196585388,3988,0.0181285749364668
2022-01-21,-0.0016726423067386603,0.8882700029740489,4004,0.01642561000832843
2022-01-24,-0.005086383927441487,0.8879437131121263,4008,0.011255679122142093
2022-01-25,-0.005203439626871484,0.8945581591712392,4025,0.005993671248499144
2022-01-26,-0.0015990515176639815,0.8922729481625921,4034,0.004385035541728977
2022-01-27,-0.0031236479301131976,0.8909429902000482,4038,0.0012476903044222887
2022-01-28,0.003230703720809,0.8890630552154716,4035,0.004482424942940266
2022-02-07,-0.0004982325296381393,0.8884518502699199,4051,0.003981959123383838
2022-02-08,0.005855245255715537,0.8857608217592929,4040,0.009860519726365036
2022-02-09,0.0019245749128292394,0.8793623263153547,4045,0.01180407194808697
2022-02-10,0.0034966480892529967,0.8772995502439946,4050,0.015341994722962715
2022-02-11,0.003027887763264777,0.8735015708532026,4043,0.018416336324313276
2022-02-14,0.0020906897878608883,0.8700289820942408,4022,0.020545528958457293
2022-02-15,-0.003465233684940805,0.8684872436487745,4024,0.017009100214494755
2022-02-16,-0.0015292436873906093,0.8644819961980367,4013,0.015453845467972904
2022-02-17,-0.0037324780195298144,0.8589532131524419,4027,0.011663686309916654
2022-02-18,0.0034912414034760524,0.8552658541233957,4047,0.015195648457954958
2022-02-21,0.002445647930920621,0.8541597165338413,4014,0.01767845959508585
2022-02-22,0.001256021200270438,0.8548126304363035,4010,0.018956685315395738
2022-02-23,-0.0061254493594070595,0.8543705616929596,4014,0.012715117740067061
2022-02-24,-0.00020676506816678843,0.8463294717770347,4060,0.012505723629714138
2022-02-25,-0.002819162696590323,0.8468987055088902,4093,0.009651305263573162
2022-02-28,0.0012402275888684527,0.844598466372365,4097,0.010903502667498177
2022-03-01,0.0003699088993166275,0.8383521415933892,4103,0.011277444869485231
2022-03-02,0.0008547331764419706,0.8381617803803347,4121,0.012141817252202536
2022-03-03,0.0016134583295829344,0.8408953792593048,4141,0.013774865897967503
2022-03-04,-0.001417802001337662,0.8426644102921006,4160,0.012337533864191563
2022-03-07,0.004268096643187185,0.8386813980166182,4165,0.016658288294249646
2022-03-08,0.0037403658420988722,0.8315991542985718,4174,0.02046096222887228
2022-03-09,0.004342183187739778,0.8294405153108592,4188,0.024891990662807117
2022-03-10,-0.0015049089971819595,0.825645645177321,4209,0.023349621484918925
2022-03-11,-0.0018484740089790268,0.826113277127512,4215,0.021457986307505506
2022-03-14,0.00005743048608730804,0.8293574144780104,4229,0.021516649136177124
2022-03-15,0.003416983974853853,0.8274595476482308,4229,0.025007155156321792
2022-03-16,0.0007935528773347486,0.8262370202631671,4243,0.02582055253358484
2022-03-17,-0.0029241484085322173,0.8265308206115549,4223,0.022820900997454263
2022-03-18,-0.00011800061063836208,0.8287521768338824,4234,0.022700207506562764
2022-03-21,0.0006914698102288521,0.8293482045613737,4222,0.02340737382496849
2022-03-22,-0.0022223059297936765,0.8334035796753474,4219,0.021133049549522775
2022-03-23,-0.002574268163935197,0.830849361198447,4211,0.01850437924892523
2022-03-24,0.0020637951815400905,0.8312342296734342,4206,0.02060636367919666
2022-03-25,-0.002336031853601049,0.8287955055369917,4218,0.01822219470365405
2022-03-28,-0.0010597572918870047,0.8274720879392566,4249,0.0171431263080557
2022-03-29,0.0016027359334769406,0.8263321644844799,4245,0.018773338146078622
2022-03-30,-0.00048079830011011097,0.8289621670838304,4249,0.018283513656900396
2022-03-31,-0.000496886306375631,0.8311158427416463,4236,0.01777754252295627
2022-04-01,-0.0014790086331854134,0.8349513520321733,4218,0.01627224075090261
2022-04-06,0.000833320027715802,0.8325319169783543,4211,0.01711912076273192
2022-04-07,-0.001052579557673477,0.8327644620926707,4224,0.016048521968498264
2022-04-08,0.0018899462508798486,0.8301582994718384,4204,0.01796879906330462
2022-04-11,0.003099929957464438,0.8258323630554296,4219,0.021124431039284852
2022-04-12,-0.0011093660857092397,0.8230091633624527,4225,0.019991630226200652
2022-04-13,-0.001058116984420762,0.8246530557425776,4252,0.01891235975829142
2022-04-14,0.0016225716857346181,0.8272137824075376,4220,0.02056561810348012
2022-04-15,-0.0009653517095285976,0.8314645093237356,4235,0.019580413339357783
2022-04-18,-0.003390285687079624,0.8276574813416294,4214,0.016123744457186673
2022-04-19,0.0010084320890992385,0.8277305676626134,4194,0.017148436247593102
2022-04-20,0.00026069320622240975,0.8288440531803364,4181,0.017413599934642532
2022-04-21,0.000510699974640038,0.8313631332198653,4174,0.01793319303432761
2022-04-22,-0.00025142607436553284,0.8321977140388692,4155,0.017677258087636538
2022-04-25,0.005351567447306791,0.8350940137222682,4148,0.023123426573882888
2022-04-26,0.0016175308387271865,0.8356868770612162,4162,0.024778360268190358
2022-04-27,-0.008623399454273428,0.8322148746914766,4167,0.015941287115502467
2022-04-28,0.0011947425572883536,0.829532729412969,4175,0.017155075406925846
2022-04-29,-0.0018496868379716054,0.8277834807676611,4172,0.015273657051769751
2022-05-05,0.0007373502498239462,0.8265968218165224,4142,0.01602226933643669
2022-05-06,-0.004100162461445373,0.8274276538408636,4152,0.011856412967710783
2022-05-09,-0.0008102968815395934,0.8245828758865209,4149,0.011036508871717254
2022-05-10,-0.0011119716661288808,0.8198023536551108,4147,0.009912264920429958
2022-05-11,0.00034803439520773285,0.8192795199480118,4123,0.010263749124764576
2022-05-12,-0.00038432406567949777,0.8217603369100696,4125,0.00987548045329234
2022-05-13,0.001153400772715866,0.8187275647674654,4122,0.011040271612793973
2022-05-16,0.0006185244245407588,0.8174322521675675,4137,0.011665624714980671
2022-05-17,-0.0007339273435293906,0.819799425614643,4140,0.01092313565049352
2022-05-18,-0.0012432436419289282,0.8196857107886342,4139,0.009666311889617196
2022-05-19,-0.00016641901601756993,0.8248625475042781,4140,0.009498284215486485
2022-05-20,-0.0005425818130239991,0.8230234735522244,4183,0.008950548806192282
2022-05-23,-0.003054676137919964,0.82729833905283,4175,0.0058685316404127885
2022-05-24,0.0005042479850936382,0.8258290340849804,4178,0.0063757388207614785
2022-05-25,-0.0004443703010796716,0.82664801532658,4195,0.005928535330702367
2022-05-26,-0.0016771360825448074,0.8249434437846433,4184,0.004241456287637835
2022-05-27,-0.001037799304272201,0.8235602505449049,4198,0.003199255202981144
2022-05-30,0.0008288678323209722,0.819944840020958,4204,0.0040307747950272255
2022-05-31,-0.0003863464682327663,0.8157705199576503,4216,0.0036428710511882123
2022-06-01,0.0005712214945769456,0.8126666098789679,4224,0.004216173432011638
2022-06-02,0.002245788902652325,0.8101882218485813,4228,0.006471430970169223
2022-06-06,-0.00024334963089855008,0.8096185612632981,4256,0.00622650651893264
2022-06-07,-0.002952102608174144,0.8064728236639932,4258,0.0032560226246240997
2022-06-08,-0.00013653104877842556,0.8131091678274777,4260,0.0031190470276618587
2022-06-09,-0.0030585273364636617,0.8117377531616253,4256,0.000050980000600331365
2022-06-10,0.003526925708871335,0.8076697119849089,4264,0.003578085512146334
2022-06-13,0.0015138660983076344,0.8082973940911192,4271,0.0050973683528077185
2022-06-14,0.00046151961903458165,0.8126294732927863,4274,0.005561240507342413
2022-06-15,-0.0025272431567188542,0.8204810186165721,4264,0.003019942743608617
2022-06-16,0.00018760313760183298,0.8286018883691662,4254,0.003208112431944521
2022-06-17,0.004538062122476602,0.8292465133021318,4258,0.0077607331679332425
2022-06-20,-0.00023741074757011014,0.8310948234932738,4259,0.007521479938900066
2022-06-21,-0.0036167249999226095,0.8322786631903107,4267,0.0038775518144460452
2022-06-22,-0.0005366865434086784,0.8330932159265884,4267,0.003338784241157189
2022-06-23,0.006678507436342214,0.8333778941722867,4280,0.01003958977288244
2022-06-24,0.0026380139542313604,0.8385470484583256,4283,0.01270408830502956
2022-06-27,0.0010843068300903965,0.8418216903531589,4290,0.013802170264838987
2022-06-28,0.003174840435493903,0.8452110695198792,4268,0.01702083038858726
2022-06-29,-0.010198271633340316,0.8516928446510894,4239,0.006648975703519078
2022-06-30,0.0004327372384577946,0.8484704552515203,4225,0.007084590201361429
2022-07-01,-0.0005534229657859937,0.8449130043873756,4214,0.006527246460654945
2022-07-04,0.0006649506153219305,0.8382333780719058,4224,0.007196537372527345
2022-07-05,-0.001762279215123089,0.8339168530032552,4236,0.0054215758491718
2022-07-06,0.0014803833549986041,0.829553402981275,4229,0.0069099852148153396
2022-07-07,0.003922469187812131,0.8247655456703997,4222,0.010859558606720832
2022-07-08,-0.002461286651095591,0.8290690286184713,4217,0.008371543468989717
2022-07-11,-0.004088552587499129,0.8307965157679918,4207,0.004248763385779064
2022-07-12,-0.005444830130089337,0.8279526806113354,4185,-0.0012192005392087646
2022-07-13,0.002528653395485193,0.8273276867837764,4187,0.0013063699206932178
2022-07-14,0.005116821496226053,0.8265556798586371,4199,0.006429875878611435
2022-07-15,0.0023731159303569073,0.830970516767147,4179,0.008818250649845982
2022-07-18,0.0021132921973395407,0.8331351643218614,4199,0.010950178387477916
2022-07-19,-0.00024874833125771616,0.830113486421095,4212,0.01069870621761937
2022-07-20,0.0011810779092943126,0.8295365459160612,4208,0.01189242013248526
2022-07-21,0.0009569100919904542,0.830492838469771,4228,0.012860710201318515
2022-07-22,0.0007714209206953468,0.8340643242359219,4225,0.013642052142918137
2022-07-25,-0.004804490222045274,0.8345180477836309,4224,0.008772018814743543
2022-07-26,0.000015998115956614978,0.8341087032308967,4205,0.008788157266474306
2022-07-27,0.003950172612007029,0.8266224413031913,4213,0.012773044616625429
2022-07-28,0.0016754448818613425,0.8240047798598867,4210,0.014469890030715638
2022-07-29,0.0023679332865675943,0.8278906303034831,4217,0.016872087051539975
2022-08-01,0.0016214220732337326,0.8291461427207497,4217,0.018520865899140704
2022-08-02,-0.0005469689660613896,0.8280437000907589,4250,0.01796376659420784
2022-08-03,-0.0011409459618525553,0.8268238541911678,4277,0.016802324945399905
2022-08-04,0.000384906221382622,0.834573703866421,4284,0.01719369848618757
2022-08-05,-0.0037219804044255804,0.8390353102191834,4291,0.013407723472916855
2022-08-08,0.0038163787475125367,0.8350692623187985,4312,0.017275271171343975
2022-08-09,0.0018656554436663098,0.8381841747757699,4307,0.01917315631871186
2022-08-10,0.0034334919436632178,0.842455293082034,4308,0.02267247914012982
2022-08-11,-0.0026157219104278808,0.8459965537157702,4288,0.01999745232925143
2022-08-12,-0.003805800523922593,0.8437815686475671,4291,0.016115545490777095
2022-08-15,0.0024534238588505694,0.8473275019270817,4283,0.018608507613433023
2022-08-16,0.0017241094596049612,0.8481792361664007,4285,0.020364700177043504
2022-08-17,-0.0009459963476756516,0.8466867820358878,4279,0.01939943889737883
2022-08-18,0.00591341065560213,0.8455011949436811,4289,0.02542756640166921
2022-08-19,-0.005517770565009471,0.8442841501579252,4286,0.01976949235922887
2022-08-22,-0.0019892614488817503,0.8414668865755822,4278,0.01774090422133301
2022-08-23,0.002535156535540176,0.8358462398485735,4285,0.020321036726156372
2022-08-24,-0.005215432461386244,0.8369399011388736,4282,0.014999621270179508
2022-08-25,-0.005004280301033181,0.8387816409854656,4288,0.009920278659901083
2022-08-26,-0.003248527467763137,0.8357224159176739,4302,0.006639524894423321
2022-08-29,0.0009434080098412192,0.8318393893869974,4306,0.007589196685231503
2022-08-30,-0.002114668986038641,0.8260606783570689,4322,0.0054584790603335875
2022-08-31,-0.005309556518927776,0.818701961290917,4328,0.00011994043832763701
2022-09-01,-0.0014703903194416014,0.8115361999977384,4329,-0.0013506262403734093
2022-09-02,0.003812230583053135,0.8057527546330053,4309,0.002456455444020067
2022-09-05,0.0011821710625249087,0.8027463591566156,4329,0.00364153045708715
2022-09-06,-0.00007276045323554011,0.8069986842745703,4317,0.0035685050444449473
2022-09-07,0.00008570453964757128,0.8063788532960241,4298,0.0036545154211746755
2022-09-08,-0.0007356502658084809,0.8130950903102065,4300,0.002916176710125118
2022-09-09,-0.002113124184528976,0.8152378520937625,4289,0.0007968902820636448
2022-09-13,-0.0007473860025904596,0.8193444686802878,4291,0.000048908694830762656
2022-09-14,0.000017095623846540278,0.8193138320677429,4283,0.00006600515480204017
2022-09-15,0.002243358615438511,0.8199587929069295,4268,0.0023095118434732775
2022-09-16,-0.0010502876852548275,0.8258216155177888,4241,0.0012567985063702825
2022-09-19,0.0007450400079588802,0.8302041095385848,4224,0.0020027748794984035
2022-09-20,-0.0023492165610239472,0.8413112306220347,4195,-0.00035114663344049113
2022-09-21,0.0009173263855674953,0.8459372449348583,4190,0.0005658576360549894
2022-09-22,-0.0004424079341728328,0.8491629718447359,4195,0.00012319936197435766
2022-09-23,0.00201315673458859,0.8582988409799445,4190,0.002136604116188323
2022-09-26,-0.00182496330329882,0.8629635276658977,4187,0.000307741588783772
2022-09-27,-0.001830042154841089,0.8693215712755878,4201,-0.001522863746137526
2022-09-28,0.004954644431603805,0.8656047048791812,4216,0.003424235437086365
2022-09-29,-0.0025182979538176707,0.8595255229571267,4240,0.000897314238174074
2022-09-30,0.003044531289177348,0.8584211621384149,4237,0.003944577428625751
2022-10-10,0.0038227413550079178,0.8562981343390822,4245,0.007782397882897918
2022-10-11,-0.0035663273970074857,0.8555279285680657,4256,0.0041883159071063325
2022-10-12,-0.008024118206707878,0.8541976984577275,4245,-0.0038694098415271716
2022-10-13,-0.00267421505008991,0.8503525316836265,4257,-0.006533277257583903
2022-10-14,-0.002394669714453517,0.8455591200661623,4260,-0.008912301930852573
2022-10-17,-0.0028079136151859495,0.8454809408231017,4267,-0.01169519057210422
2022-10-18,0.00020038359954193714,0.8381869525603541,4255,-0.011497150496946551
2022-10-19,-0.0003888830514488108,0.8354817171405956,4280,-0.011881562501427134
2022-10-20,0.000539367104131414,0.8333016959741383,4264,-0.011348603921254696
2022-10-21,-0.000802123730870089,0.8342454291609815,4263,-0.012141624667607265
2022-10-24,-0.0010680403387917467,0.8346888875481735,4274,-0.013196697261475543
2022-10-25,-0.0028500110177886013,0.8322512237218119,4290,-0.01600909754667046
2022-10-26,-0.0006566266371596705,0.8263627532386485,4299,-0.016655212183944168
2022-10-27,0.0005902000021286718,0.8242622324810344,4312,-0.016074842088081853
2022-10-28,0.006559466974340042,0.8198521431511481,4321,-0.00962081750953625
2022-10-31,-0.0012060074267795685,0.8144652668240321,4343,-0.01081522215894759
2022-11-01,-0.003328017771593358,0.8180395691265256,4347,-0.014107246678992214
2022-11-02,-0.0015545630491272592,0.8183089679003588,4362,-0.015639879123707345
2022-11-03,-0.002007673714062696,0.8188449617594309,4361,-0.017616153063562345
2022-11-04,-0.0019465204205756808,0.8190562200933506,4363,-0.019528383282467754
2022-11-07,-0.002517595888721498,0.818415751688441,4373,-0.021996814593723935
2022-11-08,0.000792628119299293,0.8130055472883201,4371,-0.021221621768206522
2022-11-09,0.0005376819042280659,0.8202430367854261,4355,-0.02069535034598169
2022-11-10,0.0019529356619443718,0.8201316790839889,4367,-0.018782831371764508
2022-11-11,-0.0031330440345198555,0.8209849524637067,4360,-0.02185702796850364
2022-11-14,0.004163550018728246,0.8201890977630486,4361,-0.01778448077898298
2022-11-15,-0.0001225568007243082,0.8172138073651488,4361,-0.017904857970640453
2022-11-16,-0.001114930773414639,0.8153170752355535,4416,-0.018999826066909975
2022-11-17,0.004218154043788831,0.8153824751863968,4437,-0.014861816216276469
2022-11-18,0.00043431699461346827,0.8173032978238026,4438,-0.014433953961016543
2022-11-21,-0.0003659294015038645,0.8203768987060871,4423,-0.014794601554386055
2022-11-22,-0.003663528446767679,0.8226406663314113,4430,-0.018403929557500587
2022-11-23,-0.006219192040133054,0.8209020582087007,4396,-0.02450866402542251
2022-11-24,-0.0006005311236768897,0.8180096486208482,4393,-0.02509447693355238
2022-11-25,-0.0012114058065048183,0.8177446134056765,4402,-0.02627548314498873
2022-11-28,-0.0007922982615384251,0.8164995186687707,4376,-0.02704696338691026
2022-11-29,0.00400063907233995,0.817086085061325,4369,-0.02315452945308416
2022-11-30,-0.0013377706142319356,0.8181166976074065,4359,-0.024461324618227365
2022-12-01,-0.0012064535960571968,0.8187409095502374,4374,-0.025638266761234596
2022-12-02,0.0013840607316701972,0.8214128890824484,4379,-0.024289690947816744
2022-12-05,0.003591683768141541,0.8263304547439492,4387,-0.020785248068385664
2022-12-06,-0.0034667515708946364,0.8294477679913356,4384,-0.024179942347887784
2022-12-07,0.0024596044306283474,0.834799166060073,4382,-0.021779811010590566
2022-12-08,-5.403408320428732e-6,0.8416441208834509,4358,-0.021785096733698994
2022-12-09,0.0012203520168297998,0.8461945818045076,4312,-0.02059133020360493
2022-12-12,0.0006675922609402402,0.8401631746493178,4330,-0.019937484555351048
2022-12-13,0.00368678606632359,0.8405013624368463,4340,-0.01632420372928356
2022-12-14,-0.0021307750929884825,0.8419932744569925,4341,-0.01842019561555286
2022-12-15,-0.002522685116781117,0.8423294613792456,4334,-0.020896412379006413
2022-12-16,0.004622111257208702,0.8443374338853022,4309,-0.01637088666469
2022-12-19,-0.0035454835537393637,0.8464777224479757,4303,-0.01985832750899963
2022-12-20,-0.004015199988121493,0.849508771663904,4306,-0.02379379234074286
2022-12-21,0.0033836183825757824,0.8489805206405104,4296,-0.020490683071322513
2022-12-22,0.0015572170254609078,0.8501325036934847,4318,-0.018965374486403563
2022-12-23,0.0004618087754698672,0.8515555513059467,4331,-0.018512324087301524
2022-12-26,-0.00616441658728555,0.8565835848078801,4332,-0.02456262299691403
2022-12-27,-0.0021304928348762327,0.8526846694455829,4343,-0.026640785339489548
2022-12-28,0.000644576282848114,0.848005763889738,4354,-0.026013381075027597
2022-12-29,-0.001485032223152236,0.8494469786331688,4347,-0.02745978258905024
2022-12-30,0.0012848810234353716,0.844393715272945,4327,-0.026210184119171198
2023-01-03,-0.006064072091843469,0.8450400729166424,4320,-0.032115315764975505
2023-01-04,0.0007874461371515675,0.8365486990436419,4362,-0.03135315870916655
2023-01-05,-0.003949549136759495,0.8296098649190067,4348,-0.035178877005011544
2023-01-06,-0.0037711650032314485,0.8205518292746045,4358,-0.03881737665842877
2023-01-09,-0.00034761450804228895,0.8148630734184567,4360,-0.03915149768318049
2023-01-10,-0.00041041247254845244,0.8064756350511036,4368,-0.03954584189276078
2023-01-11,0.00009821543255266976,0.8049416844835035,4376,-0.03945151047217532
2023-01-12,-0.0019450067186351412,0.7992136366653083,4397,-0.04131978373788181
2023-01-13,0.00006609101167309313,0.7944074188757446,4420,-0.04125642359251813
2023-01-16,-0.0029742259944590312,0.7922871924958124,4448,-0.04410794365948989
2023-01-17,-0.00109643019466275,0.7856542143026877,4491,-0.04515601257289992
2023-01-18,-0.002324257882973469,0.7838151766643185,4490,-0.047375316237687204
2023-01-19,-0.002848853910074173,0.7723717111144663,4486,-0.05008920479285661
2023-01-20,-0.001153676411725071,0.7696933721533069,4489,-0.0511850944705301
2023-01-30,-3.6581988302197646e-6,0.7661463727715395,4498,-0.051188565424107546
2023-01-31,-0.0015089808651995126,0.7620249801780233,4502,-0.052620303723564965
2023-02-01,0.0003737117060452308,0.7548071431905354,4528,-0.05226625684099695
2023-02-02,-0.0007892188127177015,0.754128695399151,4522,-0.053014226140545406
2023-02-03,0.0005652171710463523,0.7601754942819289,4538,-0.05247897352042341
2023-02-06,0.0002871410222965877,0.7681436788666235,4537,-0.05220690136423245
2023-02-07,0.000982553781827791,0.7792952436281366,4542,-0.05127564367077764
2023-02-08,-0.0016810895355078663,0.7830280696016346,4547,-0.05287053425828414
2023-02-09,0.0026433709018568144,0.7849826650421888,4536,-0.05036691978825136
2023-02-10,-0.0014859941557513912,0.7907341198742123,4547,-0.05177806899555415
2023-02-13,0.00002403285091049864,0.795567397245293,4540,-0.051755280519256264
2023-02-14,-0.0006842556698449649,0.7971272420547784,4554,-0.0524041223449615
2023-02-15,0.003983839339869382,0.805417896942207,4566,-0.0486290526092612
2023-02-16,-0.0049560132009064456,0.8146030534101711,4552,-0.053344059583488534
2023-02-17,-0.003518778217057823,0.8207706972024665,4546,-0.05667513188567452
2023-02-20,0.0030525802515248023,0.8341967841359299,4519,-0.05379555702249639
2023-02-21,0.0007184892675262251,0.8375491511942814,4514,-0.05311571928533143
2023-02-22,0.0002665988052674513,0.8502686035287499,4509,-0.052863281067366374
2023-02-23,-0.0016089465760651066,0.8546473338843397,4502,-0.05438717344835864
2023-02-24,0.0016916622869369558,0.8615960321986722,4492,-0.05278751589163733
2023-02-27,-0.001770288687429013,0.8636387252724635,4469,-0.05446435543684591
2023-02-28,0.00004621655840336682,0.8648670394490309,4475,-0.05442065603350643
2023-03-01,0.004055288046358189,0.8685153376523216,4487,-0.050586059423035845
2023-03-02,0.001812466575321001,0.8655049724497423,4518,-0.04886527838959631
2023-03-03,-0.0020509854170975696,0.8601238169120495,4513,-0.05081604183331445
2023-03-06,-0.0015255757385143785,0.8546233680321128,4519,-0.05226409385128061
2023-03-07,-0.0035939116249028586,0.8492078329548879,4519,-0.05567017294172638
2023-03-08,0.00400230327099516,0.8425696840590458,4512,-0.05189067858599261
2023-03-09,0.0019051353780266114,0.844175705866554,4480,-0.05008440197552999
2023-03-10,-0.0013574592384212269,0.8440835360764186,4496,-0.05137387367978874
2023-03-13,0.0015571424941972158,0.8480410915488866,4490,-0.04989672762738995
2023-03-14,-0.001276831275863806,0.8468226193460464,4482,-0.05110984920085582
2023-03-15,0.001676677012827627,0.8482797300461437,4478,-0.04951886689731244
2023-03-16,-0.0013537348923965023,0.8477318391167473,4466,-0.05080556637175815
2023-03-17,0.004679408748582114,0.8444674074992032,4466,-0.04636389763493265
2023-03-20,-0.0001946632824735984,0.8400133061996797,4455,-0.0465495355689044
2023-03-21,-0.0013261890650334033,0.8332360508831097,4440,-0.04781399114888396
2023-03-22,0.002355324802467098,0.8291138048252731,4444,-0.04557128382567488
2023-03-23,0.0021142888087560575,0.832156156018668,4459,-0.04355334587231219
2023-03-24,-0.0001074295051386434,0.8373442316685257,4462,-0.04365609646305668
2023-03-27,0.0008803549647701486,0.8342396184307949,4440,-0.04281417435955015
2023-03-28,-0.002421024511796601,0.8382746678641231,4436,-0.045131544705769966
2023-03-29,0.0015861175690006573,0.8453125495037259,4440,-0.043617011072743295
2023-03-30,-0.0027467036723561504,0.8401040183558686,4459,-0.04624391174060882
2023-03-31,0.0008722638644388309,0.8410306139398268,4472,-0.045411984769331726
2023-04-03,0.004994765662928736,0.834336481630152,4471,-0.04064404132861421
2023-04-04,0.004425988779224433,0.8326834765669285,4496,-0.036397942620252643
2023-04-06,0.0020304670780591405,0.8341449237867544,4523,-0.034441380366393104
2023-04-07,-0.0006860406377850197,0.8359944576732415,4539,-0.03510379281762532
2023-04-10,-0.003244398477896385,0.8341897524522415,4564,-0.03823430060353583
2023-04-11,0.0028603876934264316,0.8350737546342182,4573,-0.03548327783302263
2023-04-12,0.004711338481791262,0.8334706542185827,4586,-0.030939113083546244
2023-04-13,-0.001923379025153606,0.8293558164569443,4582,-0.032802984467538154
2023-04-14,0.0018206388944449153,0.8277730634641027,4609,-0.031042067962468778
2023-04-17,-0.00446172112724563,0.8326238402247979,4619,-0.03536528803925287
2023-04-18,-0.00030123935232092533,0.8270339174893439,4644,-0.035655873975110275
2023-04-19,0.0032209583443201513,0.8211932537234886,4645,-0.032549761715594316
2023-04-20,0.00577270233155329,0.8204722686366364,4661,-0.02696495946938815
2023-04-21,-0.005261663649646847,0.8160971690223027,4675,-0.032084742571980684
2023-04-24,-0.0007967374719122466,0.8128151371824973,4663,-0.03285591692720913
2023-04-25,-0.00010049307590113737,0.8121735471703482,4689,-0.03295310821095665
2023-04-26,-0.005269253455533828,0.8075822321886151,4700,-0.03804872338717935
2023-04-27,-0.002427779280582627,0.8077109331046339,4699,-0.04038412876546993
2023-04-28,0.0016674238289594839,0.8064129272320398,4688,-0.03878404239512567
2023-05-04,-0.0008210185627413886,0.8048142681168234,4657,-0.039573218539122546
2023-05-05,-0.0013443842239131193,0.7998352760006655,4698,-0.040864401152342245
2023-05-08,0.00006032386464771376,0.7953303800490501,4692,-0.04080654238629855
2023-05-09,-0.0014800696913292927,0.7935785912425433,4666,-0.0422262155510339
2023-05-10,-0.0021843398849270223,0.7997643710732041,4653,-0.044318319029143294
2023-05-11,0.00014208100626650444,0.8007719917380605,4627,-0.044182534814240504
2023-05-12,-0.001933436460338643,0.8044308080076396,4627,-0.04603054715085908
2023-05-15,-0.00003470947100223543,0.8020148537020698,4623,-0.04606365892591979
2023-05-16,-0.0016756531608623153,0.8000794272107283,4614,-0.04766212537110193
2023-05-17,-0.001666581953758427,0.8016646100560083,4601,-0.049249274486839134
2023-05-18,-0.0003518430122694752,0.8011359675038926,4601,-0.049583789486021046
2023-05-19,-0.001852244133276464,0.7986665545092999,4604,-0.05134419233611642
2023-05-22,-0.0011977177214274267,0.7996434674510932,4616,-0.05248041420849048
2023-05-23,-0.001207087760681332,0.7991799542167826,4616,-0.053624153503505245
2023-05-24,-0.0005340692249850147,0.8026619200572336,4609,-0.05412958371838816
2023-05-25,0.00003804583176087193,0.8082211782765408,4606,-0.05409359729166274
2023-05-26,-0.0002859285468484252,0.8053339279061634,4603,-0.05436405893484375
2023-05-29,0.00003502706842668203,0.8045251208130869,4590,-0.05433093608002937
2023-05-30,0.00029135950778606215,0.8082073134592769,4584,-0.05405540640703721
2023-05-31,-0.0013492630045460142,0.809448677322968,4582,-0.05533173445152251
2023-06-01,-0.00044866426344388117,0.8054253207114439,4562,-0.055755573343083675
2023-06-02,-0.0015946459902700405,0.8036021874777334,4580,-0.05726130893188697
2023-06-05,0.0007327332602039898,0.8007760839025163,4620,-0.05657053293726011
2023-06-06,0.0016126216063234483,0.7967138282034878,4642,-0.05504913819463253
2023-06-07,0.0005426247171881025,0.79450209513764,4644,-0.05453638450048881
2023-06-08,-0.00018241886571695467,0.7972371969015538,4618,-0.05470885490080479
2023-06-09,0.00011730057019804016,0.7969801739742726,4635,-0.05459797171048153
2023-06-12,0.000027666012469504808,0.7986837014120755,4637,-0.054571816206178236
2023-06-13,-0.0005855292669948381,0.7974213137455393,4648,-0.05512539207763134
2023-06-14,-0.0008093355533881827,0.7981402804570908,4640,-0.05589011269131661
2023-06-15,0.0007148528435303242,0.7982900392372042,4656,-0.05521521305376886
2023-06-16,-0.0012686653937387794,0.7949891165831952,4661,-0.05641382881749846
2023-06-19,0.0008369355557436872,0.7929414037620595,4667,-0.055624108000927874
2023-06-20,0.0004265046616939566,0.789131534419996,4680,-0.05522132728059881
2023-06-21,0.0015785650585866458,0.7864294195206394,4681,-0.05372993267974613
2023-06-26,0.0018872160768182305,0.7880303610154357,4690,-0.05194411659568754
2023-06-27,-0.0011646786406592697,0.7910043900662237,4690,-0.05304829703323988
2023-06-28,0.0004875693705039334,0.7913273743550929,4690,-0.05258659238752672
2023-06-29,0.000759307188053606,0.7949086330929787,4676,-0.05186721457706822
2023-06-30,-0.0010442406501389265,0.7954863906378082,4656,-0.052857293373336334
2023-07-03,-0.0016082964354731753,0.7983812901016509,4656,-0.05438057961228848
2023-07-04,0.001983008987692247,0.7981240198792933,4646,-0.05250540780272339
2023-07-05,-0.0010071995234915262,0.7984445053641,4639,-0.05345972390449527
2023-07-06,0.0021473068328818003,0.8046431774458487,4642,-0.05142721150203744
2023-07-07,-0.000898521663998022,0.8080489365249012,4639,-0.05227952470238195
2023-07-10,-0.0010153755671336241,0.8159008360003629,4613,-0.05324181691747143
2023-07-11,0.0006984851894698763,0.8223468409052231,4599,-0.05258052034857896
2023-07-12,0.0018026900849471485,0.8289761845353735,4587,-0.0508726166463257
2023-07-13,-0.0030318915992040177,0.8334727781288513,4594,-0.053750267986490186
2023-07-14,-0.002004691037076722,0.832467062507385,4588,-0.055647206343093836
2023-07-17,-0.0005342023577452838,0.8325362745061773,4591,-0.05615168183200869
2023-07-18,0.00173446307686558,0.8297174938917462,4614,-0.054514611773984534
2023-07-19,-0.002303107058444745,0.8306292569835365,4615,-0.056692165845264264
2023-07-20,-0.0012955713908407388,0.8335384697686776,4603,-0.05791428848795099
2023-07-21,-0.0023100132078573104,0.8326064480797887,4595,-0.060090518924477476
2023-07-24,-0.0020629595267131168,0.8290105189115486,4600,-0.062029514142710185
2023-07-25,0.0006733697775731326,0.8249826804875665,4605,-0.06139791316527832
2023-07-26,0.0009521623869164799,0.8149193981626567,4655,-0.06050421156191299
2023-07-27,0.0005815619457383917,0.815613129792876,4651,-0.05995783656317599
2023-07-28,0.0005321475950691618,0.8175130443022125,4653,-0.05945759538663942
2023-07-31,0.0015065014313710742,0.8143322184988852,4662,-0.05804066690782417
2023-08-01,-0.0008132881617917531,0.8158889257302636,4664,-0.05880675128231727
2023-08-02,0.0009248272908438218,0.8186670182066328,4670,-0.057936310079945263
2023-08-03,-0.0001628263431756682,0.8218210128323692,4667,-0.058089702865613546
2023-08-04,-0.003178231989502387,0.8235997069491902,4644,-0.06108331230320774
2023-08-07,-0.0006881800825246096,0.8244130602490574,4619,-0.06172945606683067
2023-08-08,0.0002539866701355407,0.8229360067001248,4604,-0.061491147855690875
2023-08-09,0.0009560271583938922,0.8235360729312342,4588,-0.060593907904647804
2023-08-10,-0.00004589338497678152,0.8290551266284951,4570,-0.06063702043008179
2023-08-11,0.00045735747389468725,0.8336430506204322,4572,-0.060207395750675574
2023-08-14,-0.0017284655019849187,0.8483035725212482,4534,-0.0618317948461411
2023-08-15,0.0032326124217679606,0.8552430637213725,4541,-0.058799060652453106
2023-08-16,0.005041723079710315,0.8644377337829718,4536,-0.05405378615389944
2023-08-17,-0.0034161244208057847,0.8679760559619993,4553,-0.05728525611578783
2023-08-18,-0.00039329386045347325,0.8696453116712686,4546,-0.05765602003671644
2023-08-21,0.0008121296387927233,0.8692599314333672,4555,-0.056890714560650424
2023-08-22,-0.004583448495237332,0.8711124263964423,4542,-0.06121340739584169
2023-08-23,0.0019316862095655944,0.8680405521374107,4584,-0.05939996628118327
2023-08-24,-0.0019112995124842774,0.8619163700829643,4598,-0.06119773466707268
2023-08-25,0.006108890463762298,0.8555092504843955,4615,-0.05546269446102192
2023-08-28,0.0028582719263074135,0.8487197705919536,4633,-0.05276294999724973
2023-08-29,-0.00702468753460246,0.849765140587173,4676,-0.059416994294717695
2023-08-30,-0.006718054525030618,0.8398597822321054,4689,-0.06573588221236293
2023-08-31,-0.0016034200729576691,0.8290489448822782,4680,-0.0672339000522677
2023-09-01,-0.0009425344194060622,0.8226759925303511,4669,-0.06811306420672358
2023-09-04,-0.00017844881120837697,0.8180624918694567,4652,-0.06827935832259657
2023-09-05,-0.0025536498131434895,0.8115880819790241,4681,-0.07065864656511811
2023-09-06,-0.0020256100231905287,0.8125510045036799,4691,-0.07254112972560134
2023-09-07,0.0017996407205954873,0.8102015280518159,4689,-0.07087203697597799
2023-09-08,-0.0008713371106091873,0.8122259943346205,4695,-0.07168162065066552
2023-09-11,-0.0020052497717478915,0.8115916616540199,4693,-0.07354313086896513
2023-09-12,-0.0008658558161290801,0.8093690455004597,4700,-0.07434530893749502
2023-09-13,0.0022743940453734054,0.8073167382535227,4701,-0.07224000542007059
2023-09-14,0.0011088432735950379,0.8107332628281456,4690,-0.07121126499057007
2023-09-15,0.0002084720721127564,0.8120967815758524,4667,-0.07101763847842768
2023-09-18,-0.0017718798602462647,0.8094854013295164,4652,-0.07266368361533182
2023-09-19,0.0011083230160979678,0.8073020124489135,4663,-0.07163589543221915
2023-09-20,-0.00025676346812208105,0.8048289715063909,4650,-0.07187426541938802
2023-09-21,0.0011455026121440501,0.8110099931999241,4628,-0.07081109496602778
2023-09-22,-0.002794465758956576,0.8175458843608117,4609,-0.07340768154474753
2023-09-25,0.002036568280004612,0.819096346129416,4591,-0.07152061302048573
2023-09-26,-0.0014479318006989253,0.8219473614602794,4565,-0.07286498785118678
2023-09-27,-0.0012592769811787519,0.8188351869595335,4557,-0.07403250763043068
2023-09-28,0.0015016548845548146,0.8170177008118765,4559,-0.07264202402257502
2023-10-09,0.0020756716624054307,0.815398418915592,4542,-0.07071713335093299
2023-10-10,0.001379819989105352,0.814130823926651,4542,-0.06943489027599759
2023-10-11,0.00010538474948440834,0.8193099377103822,4552,-0.0693368229050303
2023-10-12,-0.0002872437560716819,0.8181606748418976,4580,-0.06960415009165666
2023-10-13,0.004445716177427532,0.815631868975334,4606,-0.06546787421030764
2023-10-16,0.001237795266365954,0.81300137689567,4626,-0.06431111476873819
2023-10-17,-0.0011207415323023948,0.8184923556420406,4603,-0.06535978016373056
2023-10-18,0.0013947001132588203,0.8186006915376636,4617,-0.06405623734326871
2023-10-19,-0.002521509663829711,0.8172736406986244,4619,-0.0664162285856088
2023-10-20,-0.0017379325311254817,0.8187377823127607,4628,-0.06803873419248074
2023-10-23,0.0027465274101395707,0.8204206285545225,4638,-0.06547907703075206
2023-10-24,-0.0022988792545474987,0.8154598904545372,4670,-0.06762742779350672
2023-10-25,0.0005926463585876757,0.8119554881003629,4673,-0.06707486058374146
2023-10-26,0.0018293036890798795,0.8139746397047984,4725,-0.06536825718457184
2023-10-27,0.00019498839328712452,0.8169929363416358,4729,-0.06518601484272524
2023-10-30,0.0020804987980460278,0.8188672128256341,4738,-0.06324113547020893
2023-10-31,-0.0014826041600631125,0.816963884099715,4778,-0.0646299780597368
2023-11-01,-0.0002621887697280257,0.814040423242174,4798,-0.06487522157502978
2023-11-02,-0.0013209081778176493,0.8231982318264583,4804,-0.06611043554213125
2023-11-03,0.0007885868733055218,0.8253027201216964,4806,-0.06537398249048276
2023-11-06,0.0020452457550256607,0.826060685849471,4793,-0.06346244259563483
2023-11-07,0.0014915642100457932,0.828292482919999,4819,-0.062065536693646894
2023-11-08,-0.00001704899987630757,0.8253919757765912,4810,-0.062081527538195846
2023-11-09,-0.003128096713389147,0.81830857458767,4789,-0.06501542722933051
2023-11-10,-0.00019649378485652708,0.8156027367321387,4799,-0.06519914588681675
2023-11-13,-0.00006902770370250045,0.8136542770689112,4797,-0.06526367304319536
2023-11-14,0.0005577898448891743,0.8080901688824335,4809,-0.0647422866123698
2023-11-15,0.0011038540493519297,0.807916254112914,4822,-0.06370989859825915
2023-11-16,-0.00016642699402900777,0.8069635795860625,4811,-0.06386572254537459
2023-11-17,0.0010597775615121207,0.809166835038193,4815,-0.0628736284435657
2023-11-20,0.0004179891258729113,0.8077580522571781,4811,-0.062481919810686404
2023-11-21,-0.00043393012267243754,0.8012058853053029,4808,-0.06288873714623056
2023-11-22,0.0013708167599644522,0.7997605962990578,4810,-0.06160412932115922
2023-11-23,-0.00024976710086070984,0.8075062567387129,4788,-0.061838509737238256
2023-11-24,0.003258472070709639,0.8156549586766246,4754,-0.058781536723401695
2023-11-27,0.006017308028416202,0.8210674619774585,4724,-0.05311793530783382
2023-11-28,-0.001407514921304445,0.8252140123251235,4725,-0.054450685942603605
2023-11-29,-0.0035810353025062976,0.8246777508121098,4714,-0.057836731416503806
2023-11-30,-0.0016699582383987797,0.8260610420483031,4710,-0.05941010472879149
2023-12-01,-0.001151720705611428,0.8229442746223422,4678,-0.060493401586664275
2023-12-04,0.0011995968439222134,0.8212251512980032,4667,-0.05936637243636356
2023-12-05,0.005598442194733162,0.8216446021058449,4683,-0.054100289446026295
2023-12-06,0.0005538127643304555,0.8251627825305272,4669,-0.05357643811254498
2023-12-07,0.002219873951315927,0.825309675150863,4667,-0.0514754971005994
2023-12-08,-0.0009188878144199703,0.8250801926344121,4657,-0.05234708470799243
2023-12-11,-0.0010958728662852299,0.8236767771741034,4675,-0.053385591824516965
2023-12-12,0.0023857656370535295,0.8219486317180104,4683,-0.0511271916979521
2023-12-13,0.002826274188623779,0.8258398677257853,4637,-0.04844541697156102
2023-12-14,0.0015566167960176798,0.8319368000294725,4640,-0.046964211125291366
2023-12-15,0.0015250586572141628,0.8378715674422197,4600,-0.04551077564483308
2023-12-18,0.002651119130264009,0.8437485923278875,4540,-0.042980311002514204
2023-12-19,-0.0013753481403958178,0.8520977977514141,4521,-0.04429654625209911
2023-12-20,0.002119289523396129,0.8537668823517462,4519,-0.04227113393509774
2023-12-21,-0.005760547682060992,0.851713773395172,4512,-0.047788176734550825
2023-12-22,-0.0007552120895618804,0.8535548903811967,4512,-0.04850729861530467
2023-12-25,0.0017587315806926185,0.8610459362866314,4509,-0.046833878352580904
2023-12-26,0.0029436945023678714,0.8611588531867169,4522,-0.04402804848044395
2023-12-27,-0.0013969883075114341,0.856441440175185,4537,-0.04536353011902572
2023-12-28,-0.0013279751230084599,0.8609248518519168,4552,-0.046631263602544215
2023-12-29,0.0007649744603264178,0.8580784991090334,4585,-0.04590196086792653
2024-01-02,0.004584955173976718,0.8576200251617913,4609,-0.04152746412692687
2024-01-03,0.0019841667904148775,0.8556862307780829,4627,-0.03962569475172284
2024-01-04,-0.00003554086551848653,0.8527535683331212,4607,-0.039659827285753124
2024-01-05,-0.002169871680965688,0.8480918418105714,4597,-0.04174364223061955
2024-01-08,0.0009093986232661319,0.843059507905645,4582,-0.040872205218127955
2024-01-09,0.000043819694173497074,0.8447356035254333,4582,-0.04083017653148735
2024-01-10,0.0018708028238441487,0.8452924545683246,4584,-0.03903575891719635
2024-01-11,-0.002702688946879449,0.8474659135684225,4593,-0.04163294634991721
2024-01-12,-0.002218473272546002,0.8491674782119624,4593,-0.043759058043728594
2024-01-15,-0.00033828999783266917,0.8506794283465623,4578,-0.04408254478991047
2024-01-16,0.0035229622476524248,0.8510301791181516,4565,-0.040714883683333314
2024-01-17,0.0003734057187724492,0.849081711769558,4560,-0.040356681134967265
2024-01-18,0.0002777889982765242,0.8501127387699893,4563,-0.04009010277871694
2024-01-19,0.00027384447653333295,0.8483340115764433,4587,-0.039827236755393236
2024-01-22,-0.00019331183107651974,0.8487972479293807,4609,-0.040012849510405846
2024-01-23,-0.0017681562325420207,0.8488389920181277,4635,-0.04171025677370421
2024-01-24,0.0010164386275968247,0.8511797332042599,4648,-0.040736214062259135
2024-01-25,-0.0009003786502570784,0.861295187491824,4638,-0.041599914695082174
2024-01-26,0.0012316166288666287,0.8696225115579954,4588,-0.04041953321291347
2024-01-29,-0.00032648383761997693,0.8663846684946014,4621,-0.04073282072621531
2024-01-30,-0.0020749397952362966,0.870764807116627,4616,-0.04272324237075453
2024-01-31,-0.0013189555471573313,0.870110416304188,4624,-0.04398584786039439
2024-02-01,-0.000998155512418104,0.8688163316647786,4653,-0.04494009865630222
2024-02-02,-0.00023442322887470265,0.8703102255358788,4631,-0.04516398688214396
2024-02-05,-0.0032306110631424335,0.8760899188372667,4619,-0.04824869066960935
2024-02-06,-0.0011125828600547895,0.8708185244644698,4649,-0.049307592863405025
2024-02-07,0.0020055485701201167,0.8704473571943452,4648,-0.0474009330656483
2024-02-08,0.007259686624663347,0.87496891316276,4648,-0.04048536236075828
2024-02-19,-0.0034185375467693023,0.8786580749537668,4596,-0.04376549917620287
2024-02-20,-0.003794616520166411,0.8835654644985939,4576,-0.04739404241018197
2024-02-21,0.0037292863789945055,0.8792801865727679,4556,-0.04384150198799319
2024-02-22,0.0016622133848189502,0.879769671712615,4528,-0.04225216253458919
2024-02-23,0.004250688641216727,0.8795115003408156,4514,-0.03818107468072496
2024-02-26,0.001177411727490039,0.8762494097135849,4522,-0.03704861779833213
2024-02-27,0.0006702908693409976,0.8833522497082785,4439,-0.03640316027922308
2024-02-28,-0.010149891289454139,0.8800299507484663,4470,-0.04618356344925045
2024-02-29,0.006528219267168908,0.8736367485585077,4507,-0.03995684061081739
2024-03-01,0.0021638278244756975,0.8717545940819883,4490,-0.03787947250983348
2024-03-04,-0.00024347089897231843,0.8708977270661369,4488,-0.03811372085958131
2024-03-05,-0.0033891464812249323,0.8736516983794157,4499,-0.04137369435786853
2024-03-06,0.0008822935626392862,0.8791865186572645,4478,-0.040527904539423676
2024-03-07,-0.0023196485319326725,0.8847305238846849,4398,-0.04275354257708919
2024-03-08,0.0043628851191697396,0.8806019580810069,4401,-0.038577186252620854
2024-03-11,0.003676985320315767,0.8800344459216863,4393,-0.03504204867985505
2024-03-12,0.0017806144870455868,0.8789226780431956,4406,-0.03332383057234456
2024-03-13,0.0013430192978504066,0.8795799288113936,4424,-0.0320255658220312
2024-03-14,-0.0028989306079039165,0.880479151280726,4453,-0.034831656536938205
2024-03-15,0.0026793352136716833,0.8801898329409581,4457,-0.03224564700717658
2024-03-18,0.006959744874831543,0.8714481268236538,4451,-0.02551032360883887
2024-03-19,-0.0005628061866143814,0.8732460700873491,4421,-0.02605877242750365
2024-03-20,0.0039300811111168356,0.8735194693589023,4420,-0.02223110440568299
2024-03-21,0.001259018919128591,0.8745003243174088,4454,-0.021000074867594254
2024-03-22,-0.0019320183868306636,0.8722199793787292,4468,-0.022891520723655856
2024-03-25,-0.008641547512255352,0.871067035396713,4468,-0.03133525007194993
2024-03-26,-0.0014127596557231014,0.8685040968190574,4493,-0.03270374055056935
2024-03-27,-0.013388910265478043,0.86769856692127,4499,-0.0456547833684704
2024-03-28,0.010000340500418486,0.8632518279720639,4508,-0.03611100624720942
2024-03-29,0.001839902231820387,0.8609394223630225,4488,-0.034337544736376624
2024-04-01,0.0032822148935717434,0.8598572436775079,4504,-0.031168033043547205
2024-04-02,-0.0030931711477529067,0.8563604227254635,4531,-0.03416479613075751
2024-04-03,-0.004406132496541515,0.8513153627264033,4549,-0.03842039400882957
2024-04-08,-0.00340589801109812,0.8458898520302255,4571,-0.04169543607638748
2024-04-09,0.001290830962391471,0.837346515096781,4591,-0.04045842687387369
2024-04-10,-0.005223979754787539,0.8375126681346011,4591,-0.045471052625761565
2024-04-11,-0.0005312269689080031,0.8361263729851169,4582,-0.045978124145210075
2024-04-12,-0.0013661848959589237,0.8358105921102309,4592,-0.04728149442241736
2024-04-15,-0.006398203904782896,0.8292105894476156,4585,-0.05337718168496275
2024-04-16,-0.006852462683998067,0.8191781168881646,4618,-0.05986387922328762
2024-04-17,0.006429259325579619,0.8171150173453159,4645,-0.05381950030146965
2024-04-18,-0.00025469945138623513,0.8101782365277063,4626,-0.05406049195565521
2024-04-19,0.003690647626238652,0.8096123830573074,4630,-0.05056936255572608
2024-04-22,-0.003966694733503943,0.8106300362639128,4634,-0.05433546406510359
2024-04-23,-0.003948508935759282,0.815094098523018,4636,-0.05806942893547318
2024-04-24,0.0011861174987884704,0.8190545876210416,4637,-0.05695218860248985
2024-04-25,0.001128266162632192,0.8181783914648117,4654,-0.055888179667145765
2024-04-26,-0.0038553688578485856,0.8187008516175183,4680,-0.05952807897758372
2024-04-29,-0.002779993354636698,0.8228688786540466,4706,-0.06214258466824851
2024-04-30,-0.0009153658586887586,0.823614872729213,4714,-0.0630010673265613
2024-05-06,0.004785223147719648,0.8213851518931452,4765,-0.05851731834454377
2024-05-07,0.0013413722975576766,0.8250140569526828,4774,-0.05725443955674081
2024-05-08,0.0018939167781698485,0.8254344015308928,4788,-0.055468957922272244
2024-05-09,0.0014303200636515466,0.8268281962199896,4801,-0.054117976222046726
2024-05-10,0.004110042811521236,0.8278391159790124,4825,-0.0502303606096709
2024-05-13,0.003713548216381605,0.8292604329426837,4834,-0.0467033452593395
2024-05-14,-0.0024524276041800524,0.8344377521970884,4820,-0.04904123629039803
2024-05-15,-0.0002949292386831319,0.8361008736552327,4829,-0.04932170183459794
2024-05-16,-0.0017828318118819678,0.8374647004765483,4811,-0.05101660134743302
2024-05-17,-0.000026231646581925323,0.835238452940765,4844,-0.051041494744558547
2024-05-20,0.0018471212161914454,0.8389382067975624,4842,-0.049288653356215906
2024-05-21,-0.00032686590747187024,0.8392132447722509,4830,-0.04959940848328048
2024-05-22,-0.0024571303020708727,0.836549059455387,4836,-0.05193466657580226
2024-05-23,-0.0026281071287636384,0.8349783185666267,4839,-0.054426283837108014
2024-05-24,0.001623051884705652,0.8271986128382504,4835,-0.052891568634961805
2024-05-27,0.00014563123733520999,0.8243603219549837,4833,-0.052753640062211615
2024-05-28,-0.0003751906304273759,0.8253676817075069,4829,-0.05310903802116673
2024-05-29,-0.000579500754380822,0.8241884293313547,4803,-0.05365776204794992
2024-05-30,-0.0031225340742120984,0.828443306562951,4771,-0.05661274793182136
2024-05-31,-0.002992888949206536,0.8269180101356758,4755,-0.059436201213358575
2024-06-03,0.000975664444877324,0.8236280922591318,4781,-0.05851852655674372
2024-06-04,0.004012047042283287,0.8153668430181219,4809,-0.05474125859585122
2024-06-05,0.0005772511600633738,0.8108479865718276,4815,-0.054195606890815595
2024-06-06,0.004246627200030653,0.8091819642675057,4793,-0.05017912822912973
2024-06-07,-0.0012474837041854378,0.8016097711068354,4779,-0.05136401428855919
2024-06-11,-0.000021325454594425115,0.8024768380545692,4760,-0.05138424438219913
2024-06-12,-0.0012214220160216692,0.8035475459340529,4758,-0.05254290455085575
2024-06-13,0.0003081705009850787,0.8043769960715642,4726,-0.052250926223089356
2024-06-14,-0.00006912142333611301,0.807151446841409,4711,-0.05231643598803437
2024-06-17,0.0021301846164179907,0.8091390026441381,4725,-0.05029769503874404
2024-06-18,-0.001534147978411914,0.8112915395272076,4719,-0.05175467890999341
2024-06-19,-0.0006206543115941964,0.8132384109563024,4717,-0.05234321145697696
2024-06-20,0.002101374290833513,0.8194410251586273,4713,-0.05035182984499875
2024-06-21,-0.002293955883886504,0.8232130047881141,4719,-0.05253028085254785
2024-06-24,0.0035015404405710705,0.8268205386106698,4685,-0.04921267731473644
2024-06-25,-0.0037704972449472698,0.8270564581958806,4668,-0.05279761829545204
2024-06-26,-0.002530655873283482,0.82621558235799,4654,-0.055194661565900804
2024-06-27,0.00211397595930222,0.8316236893267706,4662,-0.05319736579423062
2024-06-28,-0.0002543975850537296,0.836936662942705,4644,-0.053438230097895056
2024-07-01,-0.003805018892505834,0.8435352355822944,4625,-0.0570399155152963
2024-07-02,0.0010373573856451085,0.8435695607545712,4615,-0.05606172890728767
2024-07-03,0.0001249868439358669,0.8443318254560619,4651,-0.05594374904191346
2024-07-04,0.0018839405689900436,0.843759278766783,4664,-0.05416520317132478
2024-07-05,-0.0018790857195291753,0.8422783851055933,4653,-0.05594250783107935
2024-07-08,0.0029504032543084804,0.8388989272547925,4647,-0.05315715753392991
2024-07-09,0.0009055489638531333,0.8383805348207951,4655,-0.052299744979002916
2024-07-10,0.001996887982732854,0.8342670141682429,4687,-0.05040729372851871
2024-07-11,-0.003681222594802175,0.828239505800611,4705,-0.053902955854704615
2024-07-12,-0.0006823363008349675,0.8295818793372481,4725,-0.0545485122120376
2024-07-15,0.0006893402457890869,0.8300075535110624,4757,-0.05389677445106422
2024-07-16,0.001874758364204364,0.8267196305936844,4756,-0.05212305951556573
2024-07-17,-0.0011979248925281594,0.823166947070893,4751,-0.05325854489762538
2024-07-18,-0.000943469388234981,0.8154789607964044,4741,-0.05415176647908748
2024-07-19,-0.00015353294016905983,0.8160497948724543,4733,-0.05429698533933369
2024-07-22,0.000028155802856204306,0.8154324095746027,4733,-0.054270358311692246
2024-07-23,0.001088784073791914,0.8134204953317044,4764,-0.05324066293970908
2024-07-24,-0.0007402421832929473,0.8063587611420979,4777,-0.053941494138427526
2024-07-25,-0.0008843351654563305,0.8088172422269964,4798,-0.05477812694374007
2024-07-26,-0.003540351559590848,0.8089279309766505,4803,-0.05812454467617423
2024-07-29,0.0002102127522393274,0.8062227616656812,4809,-0.057926550444443836
2024-07-30,-0.00008969393546267981,0.8043124504572903,4798,-0.058011048719629366
2024-07-31,-0.003294373580518921,0.805856254432337,4821,-0.061114312233868096
2024-08-01,0.00020046683745521257,0.8028363698566705,4861,-0.060926096789309714
2024-08-02,-0.0011590105235023494,0.800973425729993,4857,-0.06201449332547726
2024-08-05,-0.00041511210361690025,0.7973468624930313,4870,-0.06240386246231511
2024-08-06,-0.0004324735130385285,0.7981292599138753,4875,-0.06280934795772741
2024-08-07,-0.0019813206992528878,0.7984677430566783,4874,-0.0646662231957651
2024-08-08,-0.0008587157943829926,0.7980057029532447,4861,-0.06546940908292675
2024-08-09,-0.0015898441013797802,0.8002004447757702,4839,-0.06695516703045523
2024-08-12,-0.00028145655369372897,0.7986451326451326,4850,-0.06721777861358458
2024-08-13,-0.0014548290256369792,0.7968383935865295,4828,-0.06857481726385573
2024-08-14,0.0007312507619741951,0.7991873048548597,4813,-0.06789371188925808
2024-08-15,0.0004198146295522073,0.8021852499598492,4822,-0.06750240003321162
2024-08-16,-0.0005465104423105673,0.802905899372441,4797,-0.06801201970902304
2024-08-19,-0.0003323883941956174,0.8079446958433826,4797,-0.06832180169720159
2024-08-20,0.0008121399779194523,0.8083242998136615,4794,-0.06756514858580387
2024-08-21,-0.001226795410042464,0.8084523926101188,4814,-0.06870905538168237
2024-08-22,-0.0014244260659113043,0.8091873654208034,4817,-0.07003561047814388
2024-08-23,-0.00069247605865485,0.8135672288295993,4836,-0.07067958855328937
2024-08-26,-0.00025222719111579116,0.8137722410134126,4834,-0.07091398843031516
2024-08-27,0.00041624593481072995,0.8144591611438851,4843,-0.07052726015490973
2024-08-28,-0.0010457119034308713,0.815026002744026,4816,-0.07149922086288019
2024-08-29,-0.0007403908759684706,0.8103901760580429,4820,-0.0721866743680829
2024-08-30,-0.0004776936205659529,0.8056537353420968,4801,-0.07262988487481337
2024-09-02,0.0020313563469213244,0.7883177777954865,4808,-0.07074606570550857
2024-09-03,0.0004449263324041085,0.7828631512661456,4809,-0.0703326161606509
2024-09-04,-0.00009350424024451511,0.7836575009838708,4815,-0.07041954400305694
2024-09-05,0.000016983420984715566,0.7856387955778379,4796,-0.07040375654683362
2024-09-06,-0.00009993182408424072,0.7855430050710916,4794,-0.07049665279510375
2024-09-09,0.0009732460303196445,0.7876920504810865,4775,-0.06959201735226783
2024-09-10,-0.00042819207116838627,0.7921731668483122,4794,-0.0699904106733894
2024-09-11,-0.00014555327302488293,0.7956998980269524,4806,-0.07012577661306041
2024-09-12,0.0009347807478910807,0.8022757857484736,4791,-0.06925654809107817
2024-09-13,-0.0010836136447521744,0.8015739915956577,4792,-0.07026511439533045
2024-09-18,-0.0005861719027478498,0.8025795648702723,4778,-0.0708100988622764
2024-09-19,0.0012976669594905663,0.806009119941493,4791,-0.06960431982847759
2024-09-20,0.0005016163593031212,0.8044525385595697,4793,-0.06913761813467867
2024-09-23,0.0004415310327049417,0.8083434149207217,4812,-0.06872661350590759
2024-09-24,-0.000010532546642666046,0.8094839457248256,4781,-0.06873642218628784
2024-09-25,0.0010160538912107318,0.8120833415290146,4814,-0.06779020820430737
2024-09-26,0.0008032024228337274,0.8155187377066726,4818,-0.06704145504094772
2024-09-27,-0.0006174970292057598,0.81788459212169,4794,-0.06761755417083204
2024-09-30,-0.004741684833197727,0.8121037619681475,4793,-0.07203861787295995
2024-10-08,-0.01007519688754063,0.8016356032406313,4813,-0.0813880115019242
2024-10-09,0.001050020142212852,0.7891944097005542,4801,-0.08042345041112309
2024-10-10,-0.001356549964807365,0.7742372971386997,4777,-0.08167090194710558
2024-10-11,0.0019701439601594807,0.7671776068306037,4755,-0.07986166142113804
2024-10-14,-0.0013189869599156698,0.766163630144448,4744,-0.08107531189104211
2024-10-15,-0.0023200976965200553,0.7662411660461007,4742,-0.08320730694319911
2024-10-16,0.00030723693346550055,0.7750202303419157,4737,-0.08292563436756073
2024-10-17,-0.003538919022538744,0.7754742596791561,4743,-0.08617108628518
2024-10-18,0.002221245061363564,0.7722010642872058,4748,-0.08414124832365966
2024-10-21,0.0012853029593603601,0.7800362584110618,4714,-0.08296409235977387
2024-10-22,-0.002304132255524672,0.7885535739759917,4688,-0.08507706437404206
2024-10-23,0.0016273166982000902,0.8019889897447442,4692,-0.08358819500333159
2024-10-24,-0.0014262800336372473,0.8146375407251927,4689,-0.08489525486338778
2024-10-25,0.003978339094422404,0.813604739128206,4700,-0.08125465788031938
2024-10-28,0.00502619339259234,0.8237405752114768,4693,-0.07663686611228249
2024-10-29,-0.002867368754465633,0.8506058662549468,4626,-0.07928448871141758
2024-10-30,-0.0003650007139586303,0.8491885217663204,4633,-0.07962055053039063
2024-10-31,0.00332081914975862,0.8459609143727551,4638,-0.07656413682954755
2024-11-01,-0.00922723992083529,0.8535667611679835,4620,-0.08508490109052491
2024-11-04,0.00657007745822472,0.8651037594352404,4594,-0.0790738380229904
2024-11-05,0.012568903895634042,0.8661619195301744,4621,-0.06749880559812627
2024-11-06,0.00487032240404823,0.8623787155014222,4569,-0.062957224139229
2024-11-07,0.004006218526418072,0.8585777406852225,4570,-0.05920322601052941
2024-11-08,-0.0007090277137715481,0.8527039996420397,4585,-0.059870276996314864
2024-11-11,0.006909852016753368,0.8482545215793995,4580,-0.05337411973380801
2024-11-12,-0.0061576159793409,0.8453824757962183,4610,-0.0592030783805928
2024-11-13,-0.0006844541673734632,0.8409200246214432,4622,-0.059847010754247365
2024-11-14,-0.009440176447447206,0.8465719312270762,4614,-0.0687222208603222
2024-11-15,-0.0057313655898087535,0.8494714032778954,4592,-0.07405971427823688
2024-11-18,-0.005695813411470132,0.8500112623614346,4562,-0.07933369737587148
2024-11-19,0.006047476468908353,0.8469929585080825,4537,-0.0737659895750351
2024-11-20,0.00960214111477897,0.8481215357407638,4502,-0.06487215990162709
2024-11-21,0.0027709935381751622,0.8504884532215183,4473,-0.062280926699346706
2024-11-22,-0.009096753746586068,0.8528920753230668,4447,-0.07081112619263963
2024-11-25,0.004143312167346823,0.8556427438716611,4418,-0.06696120662603022
2024-11-26,-0.0052226607841759825,0.8554358717576076,4376,-0.07183415174229935
2024-11-27,0.003807595071225717,0.85726932246319,4341,-0.06830007203319322
2024-11-28,0.0013421019029360192,0.8608164728296553,4303,-0.0670496357869036
2024-11-29,0.0038621069003527487,0.863000774699218,4295,-0.06344648174758949
2024-12-02,0.006984802216941498,0.8663322417342256,4271,-0.05690484065701573
2024-12-03,-0.00045056860089393074,0.8656967358437891,4281,-0.057329769723470814
2024-12-04,-0.003411410586951064,0.864745618359859,4263,-0.06054560492703975
2024-12-05,0.0056545667503493996,0.8675727402198319,4242,-0.05523339734119059
2024-12-06,-0.00007653010242608141,0.8681563968428162,4240,-0.055305700426060755
2024-12-09,-0.00004513670019480761,0.8680357464244932,4255,-0.0553483408094364
2024-12-10,0.0020403627926314644,0.8712958280264254,4277,-0.053420908712026316
2024-12-11,0.002641455041184015,0.8740911212856757,4323,-0.050920562599464314
2024-12-12,-0.0004363408156572629,0.8713701915547737,4382,-0.05133468469530322
2024-12-13,0.0009236589504105883,0.871727005184926,4433,-0.05045844148587786
2024-12-16,0.0019055663588578504,0.869784295286852,4521,-0.048649027035635894
2024-12-17,-0.009309222278489352,0.867822885851053,4561,-0.05750536470781831
2024-12-18,-0.0008246496774262696,0.8723518159765947,4586,-0.058282592604787964
2024-12-19,-0.0025175233573224405,0.8711375942871493,4607,-0.060653388173902534
2024-12-20,0.0008020716030625718,0.8712647631011206,4643,-0.05989996493112382
2024-12-23,-0.006668759737347682,0.8672198202085621,4675,-0.06616926619407026
2024-12-24,-0.0006597135112715008,0.8628496567374266,4702,-0.0667853269464026
2024-12-25,-0.0014020031796008882,0.8583914918096968,4713,-0.068093696885274
2024-12-26,0.002927770906139076,0.859268328072316,4726,-0.06536528872376712
2024-12-27,-0.0003820010288095042,0.85578899297705,4752,-0.06572232014503565
2024-12-30,-0.0010281236276349695,0.8508909040565176,4757,-0.06668287310246646
2024-12-31,0.000816167283161935,0.8461303127567809,4768,-0.06592113019867796
